VIN,SaleDate,Region,State,Plant,Brand,Model,FuelType,No_of_Cylinders,Mileage_mpg,ProductionUnits,SalesUnits,Price,Discount,Revenue,Profit,Year
VWG1410SD01,05-01-2019,West,Maharashtra,Pune,Volkswagen,Polo,Petrol,4,18.7,190,239,9.5,3182.32,105000000,25000000,2019
VWG1410SD02,09-01-2019,South,Karnataka,Pune,Volkswagen,Tiguan,Diesel,4,15.6,210,420.2,10.2,2398.84,125000000,30000000,2019
VWG1410SD03,09-01-2019,West,Gujarat,Pune,Volkswagen,Vento,Petrol,4,17.2,180,599.2,8.8,2983.68,95000000,22000000,2019
VWG1410SD04,13-01-2019,East,Odisha,Chakan,Volkswagen,Polo,Petrol,4,18.7,195,363.8,9.5,2344.72,110000000,26000000,2019
VWG1410SD05,17-01-2019,North,Delhi,Pune,Volkswagen,Taigun,Petrol,3,18.1,200,280.2,11.5,3192,135000000,35000000,2019
VWG1410SD06,21-01-2019,South,Tamil Nadu,Pune,Volkswagen,Virtus,Petrol,4,19.4,220,107.8,12,2126.32,145000000,38000000,2019
VWG1410SD07,25-01-2019,West,Maharashtra,Chakan,Volkswagen,Polo,Petrol,4,18.7,185,320.2,9.5,1794.88,102000000,24000000,2019
VWG1410SD08,29-01-2019,North,Haryana,Pune,Volkswagen,Tiguan,Diesel,4,15.6,215,784.8,10.2,1073.96,128000000,31000000,2019
VWG1410SD09,02-02-2019,South,Kerala,Chakan,Volkswagen,Vento,Petrol,4,17.2,190,300.4,8.8,974.04,98000000,23000000,2019
VWG1410SD10,06-02-2019,East,West Bengal,Pune,Volkswagen,Taigun,Petrol,3,18.1,205,101.6,11.5,2678.56,140000000,36000000,2019
VWG1410SD11,10-02-2019,West,Rajasthan,Pune,Volkswagen,Virtus,Petrol,4,19.4,225,368.4,12,1478.64,150000000,39000000,2019
VWG1410SD12,14-02-2019,North,Uttar Pradesh,Chakan,Volkswagen,Polo,Petrol,4,18.7,190,225.4,9.5,1941.48,105000000,25000000,2019
VWG1410SD13,18-02-2019,South,Andhra Pradesh,Pune,Volkswagen,Tiguan,Diesel,4,15.6,210,302.2,10.2,1559.96,125000000,30000000,2019
VWG1410SD14,22-02-2019,East,Bihar,Pune,Volkswagen,Vento,Petrol,4,17.2,180,180.2,8.8,1782.08,95000000,22000000,2019
VWG1410SD15,26-02-2019,West,Maharashtra,Chakan,Volkswagen,Taigun,Petrol,3,18.1,200,121.8,11.5,3412.28,135000000,35000000,2019
VWG1410SD16,02-03-2019,North,Punjab,Pune,Volkswagen,Virtus,Petrol,4,19.4,220,80.4,12,1760.8,145000000,38000000,2019
VWG1410SD17,06-03-2019,South,Telangana,Pune,Volkswagen,Polo,Petrol,4,18.7,185,211.2,9.5,3003.76,102000000,24000000,2019
VWG1410SD18,10-03-2019,East,Jharkhand,Chakan,Volkswagen,Tiguan,Diesel,4,15.6,215,537.8,10.2,3817.8,128000000,31000000,2019
VWG1410SD19,14-03-2019,West,Gujarat,Pune,Volkswagen,Vento,Petrol,4,17.2,190,455.4,8.8,3932.56,98000000,23000000,2019
VWG1410SD20,18-03-2019,North,Madhya Pradesh,Pune,Volkswagen,Taigun,Petrol,3,18.1,205,239.6,11.5,2433.2,140000000,36000000,2019
VWG1410SD21,22-03-2019,South,Goa,Chakan,Volkswagen,Virtus,Petrol,4,19.4,225,294.2,12,3379.28,150000000,39000000,2019
VWG1410SD22,26-03-2019,East,Assam,Pune,Volkswagen,Polo,Petrol,4,18.7,190,543.8,9.5,3103.92,105000000,25000000,2019
VWG1410SD23,30-03-2019,West,Maharashtra,Pune,Volkswagen,Tiguan,Diesel,4,15.6,210,135.4,10.2,2125.08,125000000,30000000,2019
VWG1410SD24,03-04-2019,North,Rajasthan,Chakan,Volkswagen,Vento,Petrol,4,17.2,180,223.8,8.8,3656.64,95000000,22000000,2019
VWG1410SD25,07-04-2019,South,Karnataka,Pune,Volkswagen,Taigun,Petrol,3,18.1,200,116.6,11.5,3182.96,135000000,35000000,2019
VWG1410SD26,11-04-2019,East,Odisha,Pune,Volkswagen,Virtus,Petrol,4,19.4,220,263.6,12,1730.68,145000000,38000000,2019
VWG1410SD27,15-04-2019,West,Gujarat,Chakan,Volkswagen,Polo,Petrol,4,18.7,185,85.6,9.5,1794.28,102000000,24000000,2019
VWG1410SD28,19-04-2019,North,Delhi,Pune,Volkswagen,Tiguan,Diesel,4,15.6,215,111,10.2,1896.6,128000000,31000000,2019
VWG1410SD29,23-04-2019,South,Tamil Nadu,Pune,Volkswagen,Vento,Petrol,4,17.2,190,371,8.8,3109.56,98000000,23000000,2019
VWG1410SD30,27-04-2019,East,West Bengal,Chakan,Volkswagen,Taigun,Petrol,3,18.1,205,349.2,11.5,3313.4,140000000,36000000,2019
VWG1410SD31,01-05-2019,West,Maharashtra,Pune,Volkswagen,Virtus,Petrol,4,19.4,225,400.8,12,2863.2,150000000,39000000,2019
VWG1410SD32,05-05-2019,North,Haryana,Pune,Volkswagen,Polo,Petrol,4,18.7,190,117.8,9.5,1094.24,105000000,25000000,2019
VWG1410SD33,09-05-2019,South,Kerala,Chakan,Volkswagen,Tiguan,Diesel,4,15.6,210,119.4,10.2,1507.48,125000000,30000000,2019
VWG1410SD34,13-05-2019,East,Bihar,Pune,Volkswagen,Vento,Petrol,4,17.2,180,602.8,8.8,1221.36,95000000,22000000,2019
VWG1410SD35,17-05-2019,West,Rajasthan,Chakan,Volkswagen,Taigun,Petrol,3,18.1,200,521.6,11.5,822.84,135000000,35000000,2019
VWG1410SD36,21-05-2019,North,Uttar Pradesh,Pune,Volkswagen,Virtus,Petrol,4,19.4,220,788.6,12,821.2,145000000,38000000,2019
VWG1410SD37,25-05-2019,South,Andhra Pradesh,Pune,Volkswagen,Polo,Petrol,4,18.7,185,120.8,9.5,2018.08,102000000,24000000,2019
VWG1410SD38,29-05-2019,East,Jharkhand,Chakan,Volkswagen,Tiguan,Diesel,4,15.6,215,92.2,10.2,2703.2,128000000,31000000,2019
VWG1410SD39,02-06-2019,West,Gujarat,Pune,Volkswagen,Vento,Petrol,4,17.2,190,575,8.8,1750.44,98000000,23000000,2019
VWG1410SD40,06-06-2019,North,Madhya Pradesh,Pune,Volkswagen,Taigun,Petrol,3,18.1,205,501.8,11.5,2916.12,140000000,36000000,2019
VWG1410SD41,10-06-2019,South,Goa,Chakan,Volkswagen,Virtus,Petrol,4,19.4,225,276.6,12,2332.08,150000000,39000000,2019
VWG1410SD42,14-06-2019,East,Assam,Pune,Volkswagen,Polo,Petrol,4,18.7,190,250.6,9.5,2383.32,105000000,25000000,2019
VWG1410SD43,18-06-2019,West,Maharashtra,Pune,Volkswagen,Tiguan,Diesel,4,15.6,210,563.6,10.2,3714.56,125000000,30000000,2019
VWG1410SD44,22-06-2019,North,Rajasthan,Chakan,Volkswagen,Vento,Petrol,4,17.2,180,903.4,8.8,1441.88,95000000,22000000,2019
VWG1410SD45,26-06-2019,South,Karnataka,Pune,Volkswagen,Taigun,Petrol,3,18.1,200,126,11.5,1709.6,135000000,35000000,2019
VWG1410SD46,30-06-2019,East,Odisha,Pune,Volkswagen,Virtus,Petrol,4,19.4,220,122.6,12,2737.4,145000000,38000000,2019
VWG1410SD47,04-07-2019,West,Gujarat,Chakan,Volkswagen,Polo,Petrol,4,18.7,185,345.2,9.5,2746.48,102000000,24000000,2019
VWG1410SD48,08-07-2019,North,Delhi,Pune,Volkswagen,Tiguan,Diesel,4,15.6,215,305.8,10.2,1117.56,128000000,31000000,2019
VWG1410SD49,12-07-2019,South,Tamil Nadu,Pune,Volkswagen,Vento,Petrol,4,17.2,190,216.6,8.8,3301.04,98000000,23000000,2019
VWG1410SD50,16-07-2019,East,West Bengal,Chakan,Volkswagen,Taigun,Petrol,3,18.1,205,330.4,11.5,3785.48,140000000,36000000,2019
VWG1410SD51,20-07-2019,West,Maharashtra,Pune,Volkswagen,Virtus,Petrol,4,19.4,225,207.2,12,3066.52,150000000,39000000,2019
VWG1410SD52,24-07-2019,North,Haryana,Pune,Volkswagen,Polo,Petrol,4,18.7,190,698.4,9.5,1164.28,105000000,25000000,2019
VWG1410SD53,28-07-2019,South,Kerala,Chakan,Volkswagen,Tiguan,Diesel,4,15.6,210,196,10.2,1767.88,125000000,30000000,2019
VWG1410SD54,01-08-2019,East,Bihar,Pune,Volkswagen,Vento,Petrol,4,17.2,180,921.6,8.8,2304.92,95000000,22000000,2019
VWG1410SD55,05-08-2019,West,Rajasthan,Chakan,Volkswagen,Taigun,Petrol,3,18.1,200,125.8,11.5,1621.08,135000000,35000000,2019
VWG1410SD56,09-08-2019,North,Uttar Pradesh,Pune,Volkswagen,Virtus,Petrol,4,19.4,220,106,12,1763.48,145000000,38000000,2019
VWG1410SD57,13-08-2019,South,Andhra Pradesh,Pune,Volkswagen,Polo,Petrol,4,18.7,185,149.4,9.5,1216,102000000,24000000,2019
VWG1410SD58,17-08-2019,East,Jharkhand,Chakan,Volkswagen,Tiguan,Diesel,4,15.6,215,329.8,10.2,1622.96,128000000,31000000,2019
VWG1410SD59,21-08-2019,West,Gujarat,Pune,Volkswagen,Vento,Petrol,4,17.2,190,98,8.8,3207.72,98000000,23000000,2019
VWG1410SD60,25-08-2019,North,Madhya Pradesh,Pune,Volkswagen,Taigun,Petrol,3,18.1,205,87,11.5,2184.52,140000000,36000000,2019
VWG1410SD61,29-08-2019,South,Goa,Chakan,Volkswagen,Virtus,Petrol,4,19.4,225,123.4,12,2840.16,150000000,39000000,2019
VWG1410SD62,02-09-2019,East,Assam,Pune,Volkswagen,Polo,Petrol,4,18.7,190,256.8,9.5,1818.48,105000000,25000000,2019
VWG1410SD63,06-09-2019,West,Maharashtra,Pune,Volkswagen,Tiguan,Diesel,4,15.6,210,544.8,10.2,3989.84,125000000,30000000,2019
VWG1410SD64,10-09-2019,North,Rajasthan,Chakan,Volkswagen,Vento,Petrol,4,17.2,180,114.8,8.8,1936.84,95000000,22000000,2019
VWG1410SD65,14-09-2019,South,Karnataka,Pune,Volkswagen,Taigun,Petrol,3,18.1,200,120,11.5,3020.84,135000000,35000000,2019
VWG1410SD66,18-09-2019,East,Odisha,Pune,Volkswagen,Virtus,Petrol,4,19.4,220,89.2,12,2893.2,145000000,38000000,2019
VWG1410SD67,22-09-2019,West,Gujarat,Chakan,Volkswagen,Polo,Petrol,4,18.7,185,144.2,9.5,2660.44,102000000,24000000,2019
VWG1410SD68,26-09-2019,North,Delhi,Pune,Volkswagen,Tiguan,Diesel,4,15.6,215,673.6,10.2,3240.76,128000000,31000000,2019
VWG1410SD69,30-09-2019,South,Tamil Nadu,Pune,Volkswagen,Vento,Petrol,4,17.2,190,240.4,8.8,2263.68,98000000,23000000,2019
VWG1410SD70,04-10-2019,East,West Bengal,Chakan,Volkswagen,Taigun,Petrol,3,18.1,205,207,11.5,3713.24,140000000,36000000,2019
VWG1410SD71,08-10-2019,West,Maharashtra,Pune,Volkswagen,Virtus,Petrol,4,19.4,225,622,12,3558.56,150000000,39000000,2019
VWG1410SD72,12-10-2019,North,Haryana,Pune,Volkswagen,Polo,Petrol,4,18.7,190,325.2,9.5,2874.64,105000000,25000000,2019
VWG1410SD73,16-10-2019,South,Kerala,Chakan,Volkswagen,Tiguan,Diesel,4,15.6,210,507.4,10.2,2992.2,125000000,30000000,2019
VWG1410SD74,20-10-2019,East,Bihar,Pune,Volkswagen,Vento,Petrol,4,17.2,180,184.2,8.8,2319.56,95000000,22000000,2019
VWG1410SD75,24-10-2019,West,Rajasthan,Chakan,Volkswagen,Taigun,Petrol,3,18.1,200,124,11.5,1295.2,135000000,35000000,2019
VWG1410SD76,28-10-2019,North,Uttar Pradesh,Pune,Volkswagen,Virtus,Petrol,4,19.4,220,355.8,12,2626.48,145000000,38000000,2019
VWG1410SD77,01-11-2019,South,Andhra Pradesh,Pune,Volkswagen,Polo,Petrol,4,18.7,185,132.8,9.5,2561.88,102000000,24000000,2019
VWG1410SD78,05-11-2019,East,Jharkhand,Chakan,Volkswagen,Tiguan,Diesel,4,15.6,215,119,10.2,2633.76,128000000,31000000,2019
VWG1410SD79,09-11-2019,West,Gujarat,Pune,Volkswagen,Vento,Petrol,4,17.2,190,121.8,8.8,2097.68,98000000,23000000,2019
VWG1410SD80,13-11-2019,North,Madhya Pradesh,Pune,Volkswagen,Taigun,Petrol,3,18.1,205,171.4,11.5,2519,140000000,36000000,2019
VWG1410SD81,17-11-2019,South,Goa,Chakan,Volkswagen,Virtus,Petrol,4,19.4,225,172.8,12,3361.96,150000000,39000000,2019
VWG1410SD82,21-11-2019,East,Assam,Pune,Volkswagen,Polo,Petrol,4,18.7,190,111.6,9.5,3739.56,105000000,25000000,2019
VWG1410SD83,25-11-2019,West,Maharashtra,Pune,Volkswagen,Tiguan,Diesel,4,15.6,210,247.6,10.2,2480.96,125000000,30000000,2019
VWG1410SD84,29-11-2019,North,Rajasthan,Chakan,Volkswagen,Vento,Petrol,4,17.2,180,706.4,8.8,2889.92,95000000,22000000,2019
VWG1410SD85,03-12-2019,South,Karnataka,Pune,Volkswagen,Taigun,Petrol,3,18.1,200,514.2,11.5,2231.36,135000000,35000000,2019
VWG1410SD86,07-12-2019,East,Odisha,Pune,Volkswagen,Virtus,Petrol,4,19.4,220,103.6,12,2297.08,145000000,38000000,2019
VWG1410SD87,11-12-2019,West,Gujarat,Chakan,Volkswagen,Polo,Petrol,4,18.7,185,161.4,9.5,3630.84,102000000,24000000,2019
VWG1410SD88,15-12-2019,North,Delhi,Pune,Volkswagen,Tiguan,Diesel,4,15.6,215,210.2,10.2,1239.24,128000000,31000000,2019
VWG1410SD89,19-12-2019,South,Tamil Nadu,Pune,Volkswagen,Vento,Petrol,4,17.2,190,601,8.8,2474.52,98000000,23000000,2019
VWG1410SD90,23-12-2019,East,West Bengal,Chakan,Volkswagen,Taigun,Petrol,3,18.1,205,84.4,11.5,2907.84,140000000,36000000,2019
VWG1410SD91,27-12-2019,West,Maharashtra,Pune,Volkswagen,Virtus,Petrol,4,19.4,225,161.6,12,3816.76,150000000,39000000,2019
VWG1410SD92,31-12-2019,North,Haryana,Pune,Volkswagen,Polo,Petrol,4,18.7,190,383,9.5,3213.52,105000000,25000000,2019
VWG1410SD93,04-01-2020,South,Kerala,Chakan,Volkswagen,Tiguan,Diesel,4,15.6,210,346.2,10.2,2707.2,125000000,30000000,2020
VWG1410SD94,08-01-2020,East,Bihar,Pune,Volkswagen,Vento,Petrol,4,17.2,180,501.6,8.8,1034.64,95000000,22000000,2020
VWG1410SD95,12-01-2020,West,Rajasthan,Chakan,Volkswagen,Taigun,Petrol,3,18.1,200,803.6,11.5,874.36,135000000,35000000,2020
VWG1410SD96,16-01-2020,North,Uttar Pradesh,Pune,Volkswagen,Virtus,Petrol,4,19.4,220,179.8,12,1668.32,145000000,38000000,2020
VWG1410SD97,20-01-2020,South,Andhra Pradesh,Pune,Volkswagen,Polo,Petrol,4,18.7,185,108.6,9.5,2509.36,102000000,24000000,2020
VWG1410SD98,24-01-2020,East,Jharkhand,Chakan,Volkswagen,Tiguan,Diesel,4,15.6,215,247,10.2,3982.28,128000000,31000000,2020
VWG1410SD99,28-01-2020,West,Gujarat,Pune,Volkswagen,Vento,Petrol,4,17.2,190,458.2,8.8,2698.28,98000000,23000000,2020
VWG1410SD100,01-02-2020,North,Madhya Pradesh,Pune,Volkswagen,Taigun,Petrol,3,18.1,205,161,11.5,2995.84,140000000,36000000,2020
VWG1410SD101,05-02-2020,South,Goa,Chakan,Volkswagen,Virtus,Petrol,4,19.4,225,155.8,12,2670.76,150000000,39000000,2020
VWG1410SD102,09-02-2020,East,Assam,Pune,Volkswagen,Polo,Petrol,4,18.7,190,387.2,9.5,1444.48,105000000,25000000,2020
VWG1410SD103,13-02-2020,West,Maharashtra,Pune,Volkswagen,Tiguan,Diesel,4,15.6,210,114,10.2,1005.52,125000000,30000000,2020
VWG1410SD104,17-02-2020,North,Rajasthan,Chakan,Volkswagen,Vento,Petrol,4,17.2,180,306,8.8,3346.92,95000000,22000000,2020
VWG1410SD105,21-02-2020,South,Karnataka,Pune,Volkswagen,Taigun,Petrol,3,18.1,200,419.2,11.5,3201,135000000,35000000,2020
VWG1410SD106,25-02-2020,East,Odisha,Pune,Volkswagen,Virtus,Petrol,4,19.4,220,531.8,12,1899.44,145000000,38000000,2020
VWG1410SD107,29-02-2020,West,Gujarat,Chakan,Volkswagen,Polo,Petrol,4,18.7,185,146.4,9.5,1946.56,102000000,24000000,2020
VWG1410SD108,04-03-2020,North,Delhi,Pune,Volkswagen,Tiguan,Diesel,4,15.6,215,832.8,10.2,2447.76,128000000,31000000,2020
VWG1410SD109,08-03-2020,South,Tamil Nadu,Pune,Volkswagen,Vento,Petrol,4,17.2,190,121.6,8.8,3328.2,98000000,23000000,2020
VWG1410SD110,12-03-2020,East,West Bengal,Chakan,Volkswagen,Taigun,Petrol,3,18.1,205,916.4,11.5,934.12,140000000,36000000,2020
VWG1410SD111,16-03-2020,West,Maharashtra,Pune,Volkswagen,Virtus,Petrol,4,19.4,225,701.6,12,2721.56,150000000,39000000,2020
VWG1410SD112,20-03-2020,North,Haryana,Pune,Volkswagen,Polo,Petrol,4,18.7,190,100.4,9.5,3506.24,105000000,25000000,2020
VWG1410SD113,24-03-2020,South,Kerala,Chakan,Volkswagen,Tiguan,Diesel,4,15.6,210,537.8,10.2,904.8,125000000,30000000,2020
VWG1410SD114,28-03-2020,East,Bihar,Pune,Volkswagen,Vento,Petrol,4,17.2,180,437,8.8,3926.72,95000000,22000000,2020
VWG1410SD115,01-04-2020,West,Rajasthan,Chakan,Volkswagen,Taigun,Petrol,3,18.1,200,92.6,11.5,1829.32,135000000,35000000,2020
VWG1410SD116,05-04-2020,North,Uttar Pradesh,Pune,Volkswagen,Virtus,Petrol,4,19.4,220,289.4,12,2182.6,145000000,38000000,2020
VWG1410SD117,09-04-2020,South,Andhra Pradesh,Pune,Volkswagen,Polo,Petrol,4,18.7,185,307.8,9.5,2405,102000000,24000000,2020
VWG1410SD118,13-04-2020,East,Jharkhand,Chakan,Volkswagen,Tiguan,Diesel,4,15.6,215,464,10.2,3782.44,128000000,31000000,2020
VWG1410SD119,17-04-2020,West,Gujarat,Pune,Volkswagen,Vento,Petrol,4,17.2,190,428.2,8.8,3138.64,98000000,23000000,2020
VWG1410SD120,21-04-2020,North,Madhya Pradesh,Pune,Volkswagen,Taigun,Petrol,3,18.1,205,215,11.5,1050.16,140000000,36000000,2020
VWG1410SD121,25-04-2020,South,Goa,Chakan,Volkswagen,Virtus,Petrol,4,19.4,225,838.4,12,882.72,150000000,39000000,2020
VWG1410SD122,29-04-2020,East,Assam,Pune,Volkswagen,Polo,Petrol,4,18.7,190,114.8,9.5,1263.32,105000000,25000000,2020
VWG1410SD123,03-05-2020,West,Maharashtra,Pune,Volkswagen,Tiguan,Diesel,4,15.6,210,388.2,10.2,3884,125000000,30000000,2020
VWG1410SD124,07-05-2020,North,Rajasthan,Chakan,Volkswagen,Vento,Petrol,4,17.2,180,262.6,8.8,1718.72,95000000,22000000,2020
VWG1410SD125,11-05-2020,South,Karnataka,Pune,Volkswagen,Taigun,Petrol,3,18.1,200,490.2,11.5,1099.72,135000000,35000000,2020
VWG1410SD126,15-05-2020,East,Odisha,Pune,Volkswagen,Virtus,Petrol,4,19.4,220,385,12,2587.28,145000000,38000000,2020
VWG1410SD127,19-05-2020,West,Gujarat,Chakan,Volkswagen,Polo,Petrol,4,18.7,185,348.6,9.5,3281,102000000,24000000,2020
VWG1410SD128,23-05-2020,North,Delhi,Pune,Volkswagen,Tiguan,Diesel,4,15.6,215,271,10.2,1694.88,128000000,31000000,2020
VWG1410SD129,27-05-2020,South,Tamil Nadu,Pune,Volkswagen,Vento,Petrol,4,17.2,190,85.8,8.8,3363.76,98000000,23000000,2020
VWG1410SD130,31-05-2020,East,West Bengal,Chakan,Volkswagen,Taigun,Petrol,3,18.1,205,154,11.5,2322.8,140000000,36000000,2020
VWG1410SD131,04-06-2020,West,Maharashtra,Pune,Volkswagen,Virtus,Petrol,4,19.4,225,491.2,12,3631.08,150000000,39000000,2020
VWG1410SD132,08-06-2020,North,Haryana,Pune,Volkswagen,Polo,Petrol,4,18.7,190,665.6,9.5,841.16,105000000,25000000,2020
VWG1410SD133,12-06-2020,South,Kerala,Chakan,Volkswagen,Tiguan,Diesel,4,15.6,210,411.4,10.2,2656.68,125000000,30000000,2020
VWG1410SD134,16-06-2020,East,Bihar,Pune,Volkswagen,Vento,Petrol,4,17.2,180,610.6,8.8,3557.56,95000000,22000000,2020
VWG1410SD135,20-06-2020,West,Rajasthan,Chakan,Volkswagen,Taigun,Petrol,3,18.1,200,475,11.5,2641.4,135000000,35000000,2020
VWG1410SD136,24-06-2020,North,Uttar Pradesh,Pune,Volkswagen,Virtus,Petrol,4,19.4,220,94.8,12,2875.28,145000000,38000000,2020
VWG1410SD137,28-06-2020,South,Andhra Pradesh,Pune,Volkswagen,Polo,Petrol,4,18.7,185,283.4,9.5,1948.48,102000000,24000000,2020
VWG1410SD138,02-07-2020,East,Jharkhand,Chakan,Volkswagen,Tiguan,Diesel,4,15.6,215,320.2,10.2,1012.68,128000000,31000000,2020
VWG1410SD139,06-07-2020,West,Gujarat,Pune,Volkswagen,Vento,Petrol,4,17.2,190,272.8,8.8,936.04,98000000,23000000,2020
VWG1410SD140,10-07-2020,North,Madhya Pradesh,Pune,Volkswagen,Taigun,Petrol,3,18.1,205,136.8,11.5,970.64,140000000,36000000,2020
VWG1410SD141,14-07-2020,South,Goa,Chakan,Volkswagen,Virtus,Petrol,4,19.4,225,132.8,12,1401.08,150000000,39000000,2020
VWG1410SD142,18-07-2020,East,Assam,Pune,Volkswagen,Polo,Petrol,4,18.7,190,453.8,9.5,1739.64,105000000,25000000,2020
VWG1410SD143,22-07-2020,West,Maharashtra,Pune,Volkswagen,Tiguan,Diesel,4,15.6,210,133.8,10.2,2312.48,125000000,30000000,2020
VWG1410SD144,26-07-2020,North,Rajasthan,Chakan,Volkswagen,Vento,Petrol,4,17.2,180,108,8.8,2675,95000000,22000000,2020
VWG1410SD145,30-07-2020,South,Karnataka,Pune,Volkswagen,Taigun,Petrol,3,18.1,200,373.8,11.5,1824.84,135000000,35000000,2020
VWG1410SD146,03-08-2020,East,Odisha,Pune,Volkswagen,Virtus,Petrol,4,19.4,220,115.8,12,2030.32,145000000,38000000,2020
VWG1410SD147,07-08-2020,West,Gujarat,Chakan,Volkswagen,Polo,Petrol,4,18.7,185,255.8,9.5,1163.88,102000000,24000000,2020
VWG1410SD148,11-08-2020,North,Delhi,Pune,Volkswagen,Tiguan,Diesel,4,15.6,215,361.8,10.2,3729.96,128000000,31000000,2020
VWG1410SD149,15-08-2020,South,Tamil Nadu,Pune,Volkswagen,Vento,Petrol,4,17.2,190,152.2,8.8,3648,98000000,23000000,2020
VWG1410SD150,19-08-2020,East,West Bengal,Chakan,Volkswagen,Taigun,Petrol,3,18.1,205,674,11.5,3461.36,140000000,36000000,2020
VWG1410SD151,23-08-2020,West,Maharashtra,Pune,Volkswagen,Virtus,Petrol,4,19.4,225,654.4,12,2339.48,150000000,39000000,2020
VWG1410SD152,27-08-2020,North,Haryana,Pune,Volkswagen,Polo,Petrol,4,18.7,190,94,9.5,3493.92,105000000,25000000,2020
VWG1410SD153,31-08-2020,South,Kerala,Chakan,Volkswagen,Tiguan,Diesel,4,15.6,210,431.2,10.2,1088.2,125000000,30000000,2020
VWG1410SD154,04-09-2020,East,Bihar,Pune,Volkswagen,Vento,Petrol,4,17.2,180,442,8.8,3432,95000000,22000000,2020
VWG1410SD155,08-09-2020,West,Rajasthan,Chakan,Volkswagen,Taigun,Petrol,3,18.1,200,420.4,11.5,1600.48,135000000,35000000,2020
VWG1410SD156,12-09-2020,North,Uttar Pradesh,Pune,Volkswagen,Virtus,Petrol,4,19.4,220,150.4,12,3087.88,145000000,38000000,2020
VWG1410SD157,16-09-2020,South,Andhra Pradesh,Pune,Volkswagen,Polo,Petrol,4,18.7,185,170.8,9.5,1491.96,102000000,24000000,2020
VWG1410SD158,20-09-2020,East,Jharkhand,Chakan,Volkswagen,Tiguan,Diesel,4,15.6,215,142,10.2,2342.44,128000000,31000000,2020
VWG1410SD159,24-09-2020,West,Gujarat,Pune,Volkswagen,Vento,Petrol,4,17.2,190,178,8.8,1671.48,98000000,23000000,2020
VWG1410SD160,28-09-2020,North,Madhya Pradesh,Pune,Volkswagen,Taigun,Petrol,3,18.1,205,328.2,11.5,2123.28,140000000,36000000,2020
VWG1410SD161,02-10-2020,South,Goa,Chakan,Volkswagen,Virtus,Petrol,4,19.4,225,137.4,12,1808.4,150000000,39000000,2020
VWG1410SD162,06-10-2020,East,Assam,Pune,Volkswagen,Polo,Petrol,4,18.7,190,178.8,9.5,2249.88,105000000,25000000,2020
VWG1410SD163,10-10-2020,West,Maharashtra,Pune,Volkswagen,Tiguan,Diesel,4,15.6,210,145.4,10.2,1837.6,125000000,30000000,2020
VWG1410SD164,14-10-2020,North,Rajasthan,Chakan,Volkswagen,Vento,Petrol,4,17.2,180,304.2,8.8,3870.4,95000000,22000000,2020
VWG1410SD165,18-10-2020,South,Karnataka,Pune,Volkswagen,Taigun,Petrol,3,18.1,200,345.4,11.5,2048.64,135000000,35000000,2020
VWG1410SD166,22-10-2020,East,Odisha,Pune,Volkswagen,Virtus,Petrol,4,19.4,220,119.4,12,829.92,145000000,38000000,2020
VWG1410SD167,26-10-2020,West,Gujarat,Chakan,Volkswagen,Polo,Petrol,4,18.7,185,464.6,9.5,1510.4,102000000,24000000,2020
VWG1410SD168,30-10-2020,North,Delhi,Pune,Volkswagen,Tiguan,Diesel,4,15.6,215,187.2,10.2,3975.92,128000000,31000000,2020
VWG1410SD169,03-11-2020,South,Tamil Nadu,Pune,Volkswagen,Vento,Petrol,4,17.2,190,431.6,8.8,3054.36,98000000,23000000,2020
VWG1410SD170,07-11-2020,East,West Bengal,Chakan,Volkswagen,Taigun,Petrol,3,18.1,205,851.4,11.5,1484.28,140000000,36000000,2020
VWG1410SD171,11-11-2020,West,Maharashtra,Pune,Volkswagen,Virtus,Petrol,4,19.4,225,101.6,12,3258.64,150000000,39000000,2020
VWG1410SD172,15-11-2020,North,Haryana,Pune,Volkswagen,Polo,Petrol,4,18.7,190,125.2,9.5,1840.96,105000000,25000000,2020
VWG1410SD173,19-11-2020,South,Kerala,Chakan,Volkswagen,Tiguan,Diesel,4,15.6,210,746.4,10.2,2932.52,125000000,30000000,2020
VWG1410SD174,23-11-2020,East,Bihar,Pune,Volkswagen,Vento,Petrol,4,17.2,180,528.6,8.8,2259.12,95000000,22000000,2020
VWG1410SD175,27-11-2020,West,Rajasthan,Chakan,Volkswagen,Taigun,Petrol,3,18.1,200,176.6,11.5,3286.76,135000000,35000000,2020
VWG1410SD176,01-12-2020,North,Uttar Pradesh,Pune,Volkswagen,Virtus,Petrol,4,19.4,220,582.2,12,2098.12,145000000,38000000,2020
VWG1410SD177,05-12-2020,South,Andhra Pradesh,Pune,Volkswagen,Polo,Petrol,4,18.7,185,179.4,9.5,3428.92,102000000,24000000,2020
VWG1410SD178,09-12-2020,East,Jharkhand,Chakan,Volkswagen,Tiguan,Diesel,4,15.6,215,731.4,10.2,1674.08,128000000,31000000,2020
VWG1410SD179,13-12-2020,West,Gujarat,Pune,Volkswagen,Vento,Petrol,4,17.2,190,162.2,8.8,2798.76,98000000,23000000,2020
VWG1410SD180,17-12-2020,North,Madhya Pradesh,Pune,Volkswagen,Taigun,Petrol,3,18.1,205,86,11.5,3375.16,140000000,36000000,2020
VWG1410SD181,21-12-2020,South,Goa,Chakan,Volkswagen,Virtus,Petrol,4,19.4,225,153.6,12,3000.64,150000000,39000000,2020
VWG1410SD182,25-12-2020,East,Assam,Pune,Volkswagen,Polo,Petrol,4,18.7,190,307,9.5,2403.72,105000000,25000000,2020
VWG1410SD183,29-12-2020,West,Maharashtra,Pune,Volkswagen,Tiguan,Diesel,4,15.6,210,811.2,10.2,2913.08,125000000,30000000,2020
VWG1410SD184,02-01-2021,North,Rajasthan,Chakan,Volkswagen,Vento,Petrol,4,17.2,230,168.2,8.8,3429.28,95000000,22000000,2021
VWG1410SD185,06-01-2021,South,Karnataka,Pune,Volkswagen,Taigun,Petrol,3,18.1,256,646.4,11.5,2663.88,135000000,35000000,2021
VWG1410SD186,10-01-2021,East,Odisha,Pune,Volkswagen,Virtus,Petrol,4,19.4,282,315.6,12,1454.04,145000000,38000000,2021
VWG1410SD187,14-01-2021,West,Gujarat,Chakan,Volkswagen,Polo,Petrol,4,18.7,236.5,85.4,9.5,3241.32,102000000,24000000,2021
VWG1410SD188,18-01-2021,North,Delhi,Pune,Volkswagen,Tiguan,Diesel,4,15.6,275.5,478.2,10.2,1931.84,128000000,31000000,2021
VWG1410SD189,22-01-2021,South,Tamil Nadu,Pune,Volkswagen,Vento,Petrol,4,17.2,243,463.8,8.8,1751.8,98000000,23000000,2021
VWG1410SD190,26-01-2021,East,West Bengal,Chakan,Volkswagen,Taigun,Petrol,3,18.1,262.5,95.2,11.5,918.36,140000000,36000000,2021
VWG1410SD191,30-01-2021,West,Maharashtra,Pune,Volkswagen,Virtus,Petrol,4,19.4,288.5,162,12,1799.4,150000000,39000000,2021
VWG1410SD192,03-02-2021,North,Haryana,Pune,Volkswagen,Polo,Petrol,4,18.7,243,945.8,9.5,815.88,105000000,25000000,2021
VWG1410SD193,07-02-2021,South,Kerala,Chakan,Volkswagen,Tiguan,Diesel,4,15.6,269,111.6,10.2,3903.2,125000000,30000000,2021
VWG1410SD194,11-02-2021,East,Bihar,Pune,Volkswagen,Vento,Petrol,4,17.2,230,82,8.8,2575.16,95000000,22000000,2021
VWG1410SD195,15-02-2021,West,Rajasthan,Chakan,Volkswagen,Taigun,Petrol,3,18.1,256,227.8,11.5,1116.64,135000000,35000000,2021
VWG1410SD196,19-02-2021,North,Uttar Pradesh,Pune,Volkswagen,Virtus,Petrol,4,19.4,282,227,12,1766.28,145000000,38000000,2021
VWG1410SD197,23-02-2021,South,Andhra Pradesh,Pune,Volkswagen,Polo,Petrol,4,18.7,236.5,171,9.5,2412.04,102000000,24000000,2021
VWG1410SD198,27-02-2021,East,Jharkhand,Chakan,Volkswagen,Tiguan,Diesel,4,15.6,275.5,313.6,10.2,2653.36,128000000,31000000,2021
VWG1410SD199,03-03-2021,West,Gujarat,Pune,Volkswagen,Vento,Petrol,4,17.2,243,292.6,8.8,1434.12,98000000,23000000,2021
VWG1410SD200,07-03-2021,North,Madhya Pradesh,Pune,Volkswagen,Taigun,Petrol,3,18.1,262.5,358.8,11.5,3900.4,140000000,36000000,2021
VWG1410SD201,11-03-2021,South,Goa,Chakan,Volkswagen,Virtus,Petrol,4,19.4,288.5,496.4,12,2554.48,150000000,39000000,2021
VWG1410SD202,15-03-2021,East,Assam,Pune,Volkswagen,Polo,Petrol,4,18.7,243,139.6,9.5,1164.4,105000000,25000000,2021
VWG1410SD203,19-03-2021,West,Maharashtra,Pune,Volkswagen,Tiguan,Diesel,4,15.6,269,741,10.2,3547.36,125000000,30000000,2021
VWG1410SD204,23-03-2021,North,Rajasthan,Chakan,Volkswagen,Vento,Petrol,4,17.2,230,97,8.8,2316.04,95000000,22000000,2021
VWG1410SD205,27-03-2021,South,Karnataka,Pune,Volkswagen,Taigun,Petrol,3,18.1,256,249.4,11.5,3038.24,135000000,35000000,2021
VWG1410SD206,31-03-2021,East,Odisha,Pune,Volkswagen,Virtus,Petrol,4,19.4,282,183.6,12,3688.08,145000000,38000000,2021
VWG1410SD207,04-04-2021,West,Gujarat,Chakan,Volkswagen,Polo,Petrol,4,18.7,236.5,282.6,9.5,3744.76,102000000,24000000,2021
VWG1410SD208,08-04-2021,North,Delhi,Pune,Volkswagen,Tiguan,Diesel,4,15.6,275.5,308.4,10.2,3459.76,128000000,31000000,2021
VWG1410SD209,12-04-2021,South,Tamil Nadu,Pune,Volkswagen,Vento,Petrol,4,17.2,243,101.6,8.8,3598.96,98000000,23000000,2021
VWG1410SD210,16-04-2021,East,West Bengal,Chakan,Volkswagen,Taigun,Petrol,3,18.1,262.5,180.2,11.5,1114.56,140000000,36000000,2021
VWG1410SD211,20-04-2021,West,Maharashtra,Pune,Volkswagen,Virtus,Petrol,4,19.4,288.5,111,12,3662.28,150000000,39000000,2021
VWG1410SD212,24-04-2021,North,Haryana,Pune,Volkswagen,Polo,Petrol,4,18.7,243,371,9.5,1398.64,105000000,25000000,2021
VWG1410SD213,28-04-2021,South,Kerala,Chakan,Volkswagen,Tiguan,Diesel,4,15.6,269,117.8,10.2,3237.2,125000000,30000000,2021
VWG1410SD214,02-05-2021,East,Bihar,Pune,Volkswagen,Vento,Petrol,4,17.2,230,602.8,8.8,2261.2,95000000,22000000,2021
VWG1410SD215,06-05-2021,West,Rajasthan,Chakan,Volkswagen,Taigun,Petrol,3,18.1,256,276.6,11.5,1595.88,135000000,35000000,2021
VWG1410SD216,10-05-2021,North,Uttar Pradesh,Pune,Volkswagen,Virtus,Petrol,4,19.4,282,126.4,12,3596.08,145000000,38000000,2021
VWG1410SD217,14-05-2021,South,Andhra Pradesh,Pune,Volkswagen,Polo,Petrol,4,18.7,236.5,760.8,9.5,1756.44,102000000,24000000,2021
VWG1410SD218,18-05-2021,East,Jharkhand,Chakan,Volkswagen,Tiguan,Diesel,4,15.6,275.5,796.2,10.2,3918.8,128000000,31000000,2021
VWG1410SD219,22-05-2021,West,Gujarat,Pune,Volkswagen,Vento,Petrol,4,17.2,243,687.8,8.8,3344.92,98000000,23000000,2021
VWG1410SD220,26-05-2021,North,Madhya Pradesh,Pune,Volkswagen,Taigun,Petrol,3,18.1,262.5,347.8,11.5,3443.16,140000000,36000000,2021
VWG1410SD221,30-05-2021,South,Goa,Chakan,Volkswagen,Virtus,Petrol,4,19.4,288.5,86.4,12,3444.56,150000000,39000000,2021
VWG1410SD222,03-06-2021,East,Assam,Pune,Volkswagen,Polo,Petrol,4,18.7,243,368.2,9.5,3783.92,105000000,25000000,2021
VWG1410SD223,07-06-2021,West,Maharashtra,Pune,Volkswagen,Tiguan,Diesel,4,15.6,269,183,10.2,2005.8,125000000,30000000,2021
VWG1410SD224,11-06-2021,North,Rajasthan,Chakan,Volkswagen,Vento,Petrol,4,17.2,230,173.6,8.8,2529.56,95000000,22000000,2021
VWG1410SD225,15-06-2021,South,Karnataka,Pune,Volkswagen,Taigun,Petrol,3,18.1,256,707.4,11.5,2902.48,135000000,35000000,2021
VWG1410SD226,19-06-2021,East,Odisha,Pune,Volkswagen,Virtus,Petrol,4,19.4,282,224,12,3740.68,145000000,38000000,2021
VWG1410SD227,23-06-2021,West,Gujarat,Chakan,Volkswagen,Polo,Petrol,4,18.7,236.5,249,9.5,2088.32,102000000,24000000,2021
VWG1410SD228,27-06-2021,North,Delhi,Pune,Volkswagen,Tiguan,Diesel,4,15.6,275.5,166,10.2,3676.24,128000000,31000000,2021
VWG1410SD229,01-07-2021,South,Tamil Nadu,Pune,Volkswagen,Vento,Petrol,4,17.2,243,139.6,8.8,1752.44,98000000,23000000,2021
VWG1410SD230,05-07-2021,East,West Bengal,Chakan,Volkswagen,Taigun,Petrol,3,18.1,262.5,238.8,11.5,2526.24,140000000,36000000,2021
VWG1410SD231,09-07-2021,West,Maharashtra,Pune,Volkswagen,Virtus,Petrol,4,19.4,288.5,273,12,3997.32,150000000,39000000,2021
VWG1410SD232,13-07-2021,North,Haryana,Pune,Volkswagen,Polo,Petrol,4,18.7,243,230.2,9.5,1442.52,105000000,25000000,2021
VWG1410SD233,17-07-2021,South,Kerala,Chakan,Volkswagen,Tiguan,Diesel,4,15.6,269,176.2,10.2,2008.32,125000000,30000000,2021
VWG1410SD234,21-07-2021,East,Bihar,Pune,Volkswagen,Vento,Petrol,4,17.2,230,152.6,8.8,2339.52,95000000,22000000,2021
VWG1410SD235,25-07-2021,West,Rajasthan,Chakan,Volkswagen,Taigun,Petrol,3,18.1,256,95.2,11.5,1630.68,135000000,35000000,2021
VWG1410SD236,29-07-2021,North,Uttar Pradesh,Pune,Volkswagen,Virtus,Petrol,4,19.4,282,450.2,12,3666.04,145000000,38000000,2021
VWG1410SD237,02-08-2021,South,Andhra Pradesh,Pune,Volkswagen,Polo,Petrol,4,18.7,236.5,303.2,9.5,2046.24,102000000,24000000,2021
VWG1410SD238,06-08-2021,East,Jharkhand,Chakan,Volkswagen,Tiguan,Diesel,4,15.6,275.5,250.6,10.2,3656.2,128000000,31000000,2021
VWG1410SD239,10-08-2021,West,Gujarat,Pune,Volkswagen,Vento,Petrol,4,17.2,243,117.4,8.8,1372.84,98000000,23000000,2021
VWG1410SD240,14-08-2021,North,Madhya Pradesh,Pune,Volkswagen,Taigun,Petrol,3,18.1,262.5,131,11.5,2942.88,140000000,36000000,2021
VWG1410SD241,18-08-2021,South,Goa,Chakan,Volkswagen,Virtus,Petrol,4,19.4,288.5,509.4,12,1165.2,150000000,39000000,2021
VWG1410SD242,22-08-2021,East,Assam,Pune,Volkswagen,Polo,Petrol,4,18.7,243,85.6,9.5,1151.68,105000000,25000000,2021
VWG1410SD243,26-08-2021,West,Maharashtra,Pune,Volkswagen,Tiguan,Diesel,4,15.6,269,192.8,10.2,922.48,125000000,30000000,2021
VWG1410SD244,30-08-2021,North,Rajasthan,Chakan,Volkswagen,Vento,Petrol,4,17.2,230,402,8.8,2881.24,95000000,22000000,2021
VWG1410SD245,03-09-2021,South,Karnataka,Pune,Volkswagen,Taigun,Petrol,3,18.1,256,131,11.5,2567.16,135000000,35000000,2021
VWG1410SD246,07-09-2021,East,Odisha,Pune,Volkswagen,Virtus,Petrol,4,19.4,282,458.6,12,955.52,145000000,38000000,2021
VWG1410SD247,11-09-2021,West,Gujarat,Chakan,Volkswagen,Polo,Petrol,4,18.7,236.5,790,9.5,865.84,102000000,24000000,2021
VWG1410SD248,15-09-2021,North,Delhi,Pune,Volkswagen,Tiguan,Diesel,4,15.6,275.5,615.6,10.2,3634.92,128000000,31000000,2021
VWG1410SD249,19-09-2021,South,Tamil Nadu,Pune,Volkswagen,Vento,Petrol,4,17.2,243,262,8.8,2110.24,98000000,23000000,2021
VWG1410SD250,23-09-2021,East,West Bengal,Chakan,Volkswagen,Taigun,Petrol,3,18.1,262.5,501.2,11.5,3752.2,140000000,36000000,2021
VWG1410SD251,27-09-2021,West,Maharashtra,Pune,Volkswagen,Virtus,Petrol,4,19.4,288.5,514.4,12,2348.44,150000000,39000000,2021
VWG1410SD252,01-10-2021,North,Haryana,Pune,Volkswagen,Polo,Petrol,4,18.7,243,576,9.5,3597.32,105000000,25000000,2021
VWG1410SD253,05-10-2021,South,Kerala,Chakan,Volkswagen,Tiguan,Diesel,4,15.6,269,286,10.2,3105.12,125000000,30000000,2021
VWG1410SD254,09-10-2021,East,Bihar,Pune,Volkswagen,Vento,Petrol,4,17.2,230,567.8,8.8,3215.36,95000000,22000000,2021
VWG1410SD255,13-10-2021,West,Rajasthan,Chakan,Volkswagen,Taigun,Petrol,3,18.1,256,573.2,11.5,2049.56,135000000,35000000,2021
VWG1410SD256,17-10-2021,North,Uttar Pradesh,Pune,Volkswagen,Virtus,Petrol,4,19.4,282,656.6,12,1221.2,145000000,38000000,2021
VWG1410SD257,21-10-2021,South,Andhra Pradesh,Pune,Volkswagen,Polo,Petrol,4,18.7,236.5,297.4,9.5,916.56,102000000,24000000,2021
VWG1410SD258,25-10-2021,East,Jharkhand,Chakan,Volkswagen,Tiguan,Diesel,4,15.6,275.5,338.6,10.2,1923.84,128000000,31000000,2021
VWG1410SD259,29-10-2021,West,Gujarat,Pune,Volkswagen,Vento,Petrol,4,17.2,243,359.8,8.8,1325.56,98000000,23000000,2021
VWG1410SD260,02-11-2021,North,Madhya Pradesh,Pune,Volkswagen,Taigun,Petrol,3,18.1,262.5,493.4,11.5,3773.4,140000000,36000000,2021
VWG1410SD261,06-11-2021,South,Goa,Chakan,Volkswagen,Virtus,Petrol,4,19.4,288.5,428.6,12,3018.32,150000000,39000000,2021
VWG1410SD262,10-11-2021,East,Assam,Pune,Volkswagen,Polo,Petrol,4,18.7,243,305.4,9.5,3352.68,105000000,25000000,2021
VWG1410SD263,14-11-2021,West,Maharashtra,Pune,Volkswagen,Tiguan,Diesel,4,15.6,269,84.8,10.2,1452.48,125000000,30000000,2021
VWG1410SD264,18-11-2021,North,Rajasthan,Chakan,Volkswagen,Vento,Petrol,4,17.2,230,251.4,8.8,2304.8,95000000,22000000,2021
VWG1410SD265,22-11-2021,South,Karnataka,Pune,Volkswagen,Taigun,Petrol,3,18.1,256,165.4,11.5,1395.88,135000000,35000000,2021
VWG1410SD266,26-11-2021,East,Odisha,Pune,Volkswagen,Virtus,Petrol,4,19.4,282,462,12,2775.28,145000000,38000000,2021
VWG1410SD267,30-11-2021,West,Gujarat,Chakan,Volkswagen,Polo,Petrol,4,18.7,236.5,360,9.5,2076.76,102000000,24000000,2021
VWG1410SD268,04-12-2021,North,Delhi,Pune,Volkswagen,Tiguan,Diesel,4,15.6,275.5,159.6,10.2,2939,128000000,31000000,2021
VWG1410SD269,08-12-2021,South,Tamil Nadu,Pune,Volkswagen,Vento,Petrol,4,17.2,243,131,8.8,3391.84,98000000,23000000,2021
VWG1410SD270,12-12-2021,East,West Bengal,Chakan,Volkswagen,Taigun,Petrol,3,18.1,262.5,266,11.5,1313.72,140000000,36000000,2021
VWG1410SD271,16-12-2021,West,Maharashtra,Pune,Volkswagen,Virtus,Petrol,4,19.4,288.5,479.4,12,3581.32,150000000,39000000,2021
VWG1410SD272,20-12-2021,North,Haryana,Pune,Volkswagen,Polo,Petrol,4,18.7,243,802.4,9.5,989.96,105000000,25000000,2021
VWG1410SD273,24-12-2021,South,Kerala,Chakan,Volkswagen,Tiguan,Diesel,4,15.6,269,210,10.2,1123.76,125000000,30000000,2021
VWG1410SD274,28-12-2021,East,Bihar,Pune,Volkswagen,Vento,Petrol,4,17.2,230,566.2,8.8,2337.6,95000000,22000000,2021
VWG1410SD275,01-01-2022,West,Rajasthan,Chakan,Volkswagen,Taigun,Petrol,3,18.1,256,830,11.5,2737.16,135000000,35000000,2022
VWG1410SD276,05-01-2022,North,Uttar Pradesh,Pune,Volkswagen,Virtus,Petrol,4,19.4,282,181.8,12,1371.64,145000000,38000000,2022
VWG1410SD277,09-01-2022,South,Andhra Pradesh,Pune,Volkswagen,Polo,Petrol,4,18.7,236.5,773.4,9.5,2454.88,102000000,24000000,2022
VWG1410SD278,13-01-2022,East,Jharkhand,Chakan,Volkswagen,Tiguan,Diesel,4,15.6,275.5,380,10.2,2305.04,128000000,31000000,2022
VWG1410SD279,17-01-2022,West,Gujarat,Pune,Volkswagen,Vento,Petrol,4,17.2,243,229.2,8.8,2186.2,98000000,23000000,2022
VWG1410SD280,21-01-2022,North,Madhya Pradesh,Pune,Volkswagen,Taigun,Petrol,3,18.1,262.5,382,11.5,3029.4,140000000,36000000,2022
VWG1410SD281,25-01-2022,South,Goa,Chakan,Volkswagen,Virtus,Petrol,4,19.4,288.5,166.6,12,3733.64,150000000,39000000,2022
VWG1410SD282,29-01-2022,East,Assam,Pune,Volkswagen,Polo,Petrol,4,18.7,243,134.8,9.5,1810.36,105000000,25000000,2022
VWG1410SD283,02-02-2022,West,Maharashtra,Pune,Volkswagen,Tiguan,Diesel,4,15.6,269,571.4,10.2,3871.28,125000000,30000000,2022
VWG1410SD284,06-02-2022,North,Rajasthan,Chakan,Volkswagen,Vento,Petrol,4,17.2,230,383,8.8,1916.2,95000000,22000000,2022
VWG1410SD285,10-02-2022,South,Karnataka,Pune,Volkswagen,Taigun,Petrol,3,18.1,256,222.2,11.5,1702.12,135000000,35000000,2022
VWG1410SD286,14-02-2022,East,Odisha,Pune,Volkswagen,Virtus,Petrol,4,19.4,282,479.4,12,1792.92,145000000,38000000,2022
VWG1410SD287,18-02-2022,West,Gujarat,Chakan,Volkswagen,Polo,Petrol,4,18.7,236.5,197.2,9.5,3819.8,102000000,24000000,2022
VWG1410SD288,22-02-2022,North,Delhi,Pune,Volkswagen,Tiguan,Diesel,4,15.6,275.5,164.2,10.2,2023.96,128000000,31000000,2022
VWG1410SD289,26-02-2022,South,Tamil Nadu,Pune,Volkswagen,Vento,Petrol,4,17.2,243,716.6,8.8,1724.76,98000000,23000000,2022
VWG1410SD290,02-03-2022,East,West Bengal,Chakan,Volkswagen,Taigun,Petrol,3,18.1,262.5,226.6,11.5,3885.2,140000000,36000000,2022
VWG1410SD291,06-03-2022,West,Maharashtra,Pune,Volkswagen,Virtus,Petrol,4,19.4,288.5,90.4,12,1240.28,150000000,39000000,2022
VWG1410SD292,10-03-2022,North,Haryana,Pune,Volkswagen,Polo,Petrol,4,18.7,243,437.4,9.5,1205,105000000,25000000,2022
VWG1410SD293,14-03-2022,South,Kerala,Chakan,Volkswagen,Tiguan,Diesel,4,15.6,269,591.2,10.2,1431.68,125000000,30000000,2022
VWG1410SD294,18-03-2022,East,Bihar,Pune,Volkswagen,Vento,Petrol,4,17.2,230,152.6,8.8,870.28,95000000,22000000,2022
VWG1410SD295,22-03-2022,West,Rajasthan,Chakan,Volkswagen,Taigun,Petrol,3,18.1,256,360.4,11.5,2080.56,135000000,35000000,2022
VWG1410SD296,26-03-2022,North,Uttar Pradesh,Pune,Volkswagen,Virtus,Petrol,4,19.4,282,218.8,12,3045.28,145000000,38000000,2022
VWG1410SD297,30-03-2022,South,Andhra Pradesh,Pune,Volkswagen,Polo,Petrol,4,18.7,236.5,339,9.5,2595.68,102000000,24000000,2022
VWG1410SD298,03-04-2022,East,Jharkhand,Chakan,Volkswagen,Tiguan,Diesel,4,15.6,275.5,208.4,10.2,827.12,128000000,31000000,2022
VWG1410SD299,07-04-2022,West,Gujarat,Pune,Volkswagen,Vento,Petrol,4,17.2,243,427,8.8,1039.92,98000000,23000000,2022
VWG1410SD300,11-04-2022,North,Madhya Pradesh,Pune,Volkswagen,Taigun,Petrol,3,18.1,262.5,92.8,11.5,3090.64,140000000,36000000,2022
VWG1410SD301,15-04-2022,South,Goa,Chakan,Volkswagen,Virtus,Petrol,4,19.4,288.5,462.2,12,1415.8,150000000,39000000,2022
VWG1410SD302,19-04-2022,East,Assam,Pune,Volkswagen,Polo,Petrol,4,18.7,243,115.4,9.5,3132.48,105000000,25000000,2022
VWG1410SD303,23-04-2022,West,Maharashtra,Pune,Volkswagen,Tiguan,Diesel,4,15.6,269,673.2,10.2,3599.4,125000000,30000000,2022
VWG1410SD304,27-04-2022,North,Rajasthan,Chakan,Volkswagen,Vento,Petrol,4,17.2,230,648.4,8.8,1986.48,95000000,22000000,2022
VWG1410SD305,01-05-2022,South,Karnataka,Pune,Volkswagen,Taigun,Petrol,3,18.1,256,127.4,11.5,863.6,135000000,35000000,2022
VWG1410SD306,05-05-2022,East,Odisha,Pune,Volkswagen,Virtus,Petrol,4,19.4,282,106,12,3719.28,145000000,38000000,2022
VWG1410SD307,09-05-2022,West,Gujarat,Chakan,Volkswagen,Polo,Petrol,4,18.7,236.5,144,9.5,1676.52,102000000,24000000,2022
VWG1410SD308,13-05-2022,North,Delhi,Pune,Volkswagen,Tiguan,Diesel,4,15.6,275.5,175.4,10.2,2489.32,128000000,31000000,2022
VWG1410SD309,17-05-2022,South,Tamil Nadu,Pune,Volkswagen,Vento,Petrol,4,17.2,243,617,8.8,3232.16,98000000,23000000,2022
VWG1410SD310,21-05-2022,East,West Bengal,Chakan,Volkswagen,Taigun,Petrol,3,18.1,262.5,135.2,11.5,3915.52,140000000,36000000,2022
VWG1410SD311,25-05-2022,West,Maharashtra,Pune,Volkswagen,Virtus,Petrol,4,19.4,288.5,543.6,12,2343.44,150000000,39000000,2022
VWG1410SD312,29-05-2022,North,Haryana,Pune,Volkswagen,Polo,Petrol,4,18.7,243,702.6,9.5,2684.88,105000000,25000000,2022
VWG1410SD313,02-06-2022,South,Kerala,Chakan,Volkswagen,Tiguan,Diesel,4,15.6,269,558,10.2,3667.96,125000000,30000000,2022
VWG1410SD314,06-06-2022,East,Bihar,Pune,Volkswagen,Vento,Petrol,4,17.2,230,430.8,8.8,2286.68,95000000,22000000,2022
VWG1410SD315,10-06-2022,West,Rajasthan,Chakan,Volkswagen,Taigun,Petrol,3,18.1,256,325,11.5,1636.28,135000000,35000000,2022
VWG1410SD316,14-06-2022,North,Uttar Pradesh,Pune,Volkswagen,Virtus,Petrol,4,19.4,282,119.4,12,1058.56,145000000,38000000,2022
VWG1410SD317,18-06-2022,South,Andhra Pradesh,Pune,Volkswagen,Polo,Petrol,4,18.7,236.5,177,9.5,3003.32,102000000,24000000,2022
VWG1410SD318,22-06-2022,East,Jharkhand,Chakan,Volkswagen,Tiguan,Diesel,4,15.6,275.5,618.6,10.2,1953.84,128000000,31000000,2022
VWG1410SD319,26-06-2022,West,Gujarat,Pune,Volkswagen,Vento,Petrol,4,17.2,243,464.6,8.8,1564.92,98000000,23000000,2022
VWG1410SD320,30-06-2022,North,Madhya Pradesh,Pune,Volkswagen,Taigun,Petrol,3,18.1,262.5,220.6,11.5,1976.12,140000000,36000000,2022
VWG1410SD321,04-07-2022,South,Goa,Chakan,Volkswagen,Virtus,Petrol,4,19.4,288.5,175,12,3360.04,150000000,39000000,2022
VWG1410SD322,08-07-2022,East,Assam,Pune,Volkswagen,Polo,Petrol,4,18.7,243,683.8,9.5,2068.64,105000000,25000000,2022
VWG1410SD323,12-07-2022,West,Maharashtra,Pune,Volkswagen,Tiguan,Diesel,4,15.6,269,222,10.2,845.2,125000000,30000000,2022
VWG1410SD324,16-07-2022,North,Rajasthan,Chakan,Volkswagen,Vento,Petrol,4,17.2,230,105,8.8,1291.8,95000000,22000000,2022
VWG1410SD325,20-07-2022,South,Karnataka,Pune,Volkswagen,Taigun,Petrol,3,18.1,256,173.4,11.5,3151.88,135000000,35000000,2022
VWG1410SD326,24-07-2022,East,Odisha,Pune,Volkswagen,Virtus,Petrol,4,19.4,282,107.8,12,1571.88,145000000,38000000,2022
VWG1410SD327,28-07-2022,West,Gujarat,Chakan,Volkswagen,Polo,Petrol,4,18.7,236.5,102.4,9.5,2625.16,102000000,24000000,2022
VWG1410SD328,01-08-2022,North,Delhi,Pune,Volkswagen,Tiguan,Diesel,4,15.6,275.5,143.6,10.2,1198.48,128000000,31000000,2022
VWG1410SD329,05-08-2022,South,Tamil Nadu,Pune,Volkswagen,Vento,Petrol,4,17.2,243,358.4,8.8,2565.68,98000000,23000000,2022
VWG1410SD330,09-08-2022,East,West Bengal,Chakan,Volkswagen,Taigun,Petrol,3,18.1,262.5,319,11.5,3282.28,140000000,36000000,2022
VWG1410SD331,13-08-2022,West,Maharashtra,Pune,Volkswagen,Virtus,Petrol,4,19.4,288.5,438.2,12,2784.52,150000000,39000000,2022
VWG1410SD332,17-08-2022,North,Haryana,Pune,Volkswagen,Polo,Petrol,4,18.7,243,81.6,9.5,2709.08,105000000,25000000,2022
VWG1410SD333,21-08-2022,South,Kerala,Chakan,Volkswagen,Tiguan,Diesel,4,15.6,269,335.2,10.2,1740.32,125000000,30000000,2022
VWG1410SD334,25-08-2022,East,Bihar,Pune,Volkswagen,Vento,Petrol,4,17.2,230,369.2,8.8,3069.2,95000000,22000000,2022
VWG1410SD335,29-08-2022,West,Rajasthan,Chakan,Volkswagen,Taigun,Petrol,3,18.1,256,357.2,11.5,3102.2,135000000,35000000,2022
VWG1410SD336,02-09-2022,North,Uttar Pradesh,Pune,Volkswagen,Virtus,Petrol,4,19.4,282,143,12,1382.72,145000000,38000000,2022
VWG1410SD337,06-09-2022,South,Andhra Pradesh,Pune,Volkswagen,Polo,Petrol,4,18.7,236.5,701.6,9.5,1164.76,102000000,24000000,2022
VWG1410SD338,10-09-2022,East,Jharkhand,Chakan,Volkswagen,Tiguan,Diesel,4,15.6,275.5,226.2,10.2,3159.48,128000000,31000000,2022
VWG1410SD339,14-09-2022,West,Gujarat,Pune,Volkswagen,Vento,Petrol,4,17.2,243,436.2,8.8,3458.6,98000000,23000000,2022
VWG1410SD340,18-09-2022,North,Madhya Pradesh,Pune,Volkswagen,Taigun,Petrol,3,18.1,262.5,241.2,11.5,3040.8,140000000,36000000,2022
VWG1410SD341,22-09-2022,South,Goa,Chakan,Volkswagen,Virtus,Petrol,4,19.4,288.5,148.6,12,2269.24,150000000,39000000,2022
VWG1410SD342,26-09-2022,East,Assam,Pune,Volkswagen,Polo,Petrol,4,18.7,243,121.6,9.5,3388.44,105000000,25000000,2022
VWG1410SD343,30-09-2022,West,Maharashtra,Pune,Volkswagen,Tiguan,Diesel,4,15.6,269,83.4,10.2,2777.88,125000000,30000000,2022
VWG1410SD344,04-10-2022,North,Rajasthan,Chakan,Volkswagen,Vento,Petrol,4,17.2,230,94,8.8,3589.8,95000000,22000000,2022
VWG1410SD345,08-10-2022,South,Karnataka,Pune,Volkswagen,Taigun,Petrol,3,18.1,256,356,11.5,1152.48,135000000,35000000,2022
VWG1410SD346,12-10-2022,East,Odisha,Pune,Volkswagen,Virtus,Petrol,4,19.4,282,701.8,12,3447.12,145000000,38000000,2022
VWG1410SD347,16-10-2022,West,Gujarat,Chakan,Volkswagen,Polo,Petrol,4,18.7,236.5,492.2,9.5,3999.44,102000000,24000000,2022
VWG1410SD348,20-10-2022,North,Delhi,Pune,Volkswagen,Tiguan,Diesel,4,15.6,275.5,136.8,10.2,3011.36,128000000,31000000,2022
VWG1410SD349,24-10-2022,South,Tamil Nadu,Pune,Volkswagen,Vento,Petrol,4,17.2,243,389.6,8.8,1496.68,98000000,23000000,2022
VWG1410SD350,28-10-2022,East,West Bengal,Chakan,Volkswagen,Taigun,Petrol,3,18.1,262.5,94.2,11.5,2651.84,140000000,36000000,2022
VWG1410SD351,01-11-2022,West,Maharashtra,Pune,Volkswagen,Virtus,Petrol,4,19.4,288.5,86.6,12,931.4,150000000,39000000,2022
VWG1410SD352,05-11-2022,North,Haryana,Pune,Volkswagen,Polo,Petrol,4,18.7,243,80.8,9.5,3594.36,105000000,25000000,2022
VWG1410SD353,09-11-2022,South,Kerala,Chakan,Volkswagen,Tiguan,Diesel,4,15.6,269,174.8,10.2,1151.32,125000000,30000000,2022
VWG1410SD354,13-11-2022,East,Bihar,Pune,Volkswagen,Vento,Petrol,4,17.2,230,111.6,8.8,3557.72,95000000,22000000,2022
VWG1410SD355,17-11-2022,West,Rajasthan,Chakan,Volkswagen,Taigun,Petrol,3,18.1,256,85.6,11.5,2983.28,135000000,35000000,2022
VWG1410SD356,21-11-2022,North,Uttar Pradesh,Pune,Volkswagen,Virtus,Petrol,4,19.4,282,766.6,12,2932.08,145000000,38000000,2022
VWG1410SD357,25-11-2022,South,Andhra Pradesh,Pune,Volkswagen,Polo,Petrol,4,18.7,236.5,418.4,9.5,3757.88,102000000,24000000,2022
VWG1410SD358,29-11-2022,East,Jharkhand,Chakan,Volkswagen,Tiguan,Diesel,4,15.6,275.5,152,10.2,851,128000000,31000000,2022
VWG1410SD359,03-12-2022,West,Gujarat,Pune,Volkswagen,Vento,Petrol,4,17.2,243,306.8,8.8,3902.36,98000000,23000000,2022
VWG1410SD360,07-12-2022,North,Madhya Pradesh,Pune,Volkswagen,Taigun,Petrol,3,18.1,262.5,109.4,11.5,1103.64,140000000,36000000,2022
VWG1410SD361,11-12-2022,South,Goa,Chakan,Volkswagen,Virtus,Petrol,4,19.4,288.5,261.8,12,2707.72,150000000,39000000,2022
VWG1410SD362,15-12-2022,East,Assam,Pune,Volkswagen,Polo,Petrol,4,18.7,243,938.6,9.5,2217.68,105000000,25000000,2022
VWG1410SD363,19-12-2022,West,Maharashtra,Pune,Volkswagen,Tiguan,Diesel,4,15.6,269,114,10.2,1251.4,125000000,30000000,2022
VWG1410SD364,23-12-2022,North,Rajasthan,Chakan,Volkswagen,Vento,Petrol,4,17.2,230,151.2,8.8,1380.76,95000000,22000000,2022
VWG1410SD365,27-12-2022,South,Karnataka,Pune,Volkswagen,Taigun,Petrol,3,18.1,256,318.8,11.5,3544.52,135000000,35000000,2022
VWG1410SD366,31-12-2022,East,Odisha,Pune,Volkswagen,Virtus,Petrol,4,19.4,282,100.6,12,3756.56,145000000,38000000,2022
VWG1410SD367,04-01-2023,West,Gujarat,Chakan,Volkswagen,Polo,Petrol,4,18.7,236.5,165.8,9.5,3170.4,102000000,24000000,2023
VWG1410SD368,08-01-2023,North,Delhi,Pune,Volkswagen,Tiguan,Diesel,4,15.6,275.5,379,10.2,982.32,128000000,31000000,2023
VWG1410SD369,12-01-2023,South,Tamil Nadu,Pune,Volkswagen,Vento,Petrol,4,17.2,243,191.2,8.8,3412.84,98000000,23000000,2023
VWG1410SD370,16-01-2023,East,West Bengal,Chakan,Volkswagen,Taigun,Petrol,3,18.1,262.5,271.6,11.5,1344.08,140000000,36000000,2023
VWG1410SD371,20-01-2023,West,Maharashtra,Pune,Volkswagen,Virtus,Petrol,4,19.4,288.5,629.2,12,3591.44,150000000,39000000,2023
VWG1410SD372,24-01-2023,North,Haryana,Pune,Volkswagen,Polo,Petrol,4,18.7,243,605,9.5,3889.52,105000000,25000000,2023
VWG1410SD373,28-01-2023,South,Kerala,Chakan,Volkswagen,Tiguan,Diesel,4,15.6,269,528.8,10.2,2760.64,125000000,30000000,2023
VWG1410SD374,01-02-2023,East,Bihar,Pune,Volkswagen,Vento,Petrol,4,17.2,230,161.8,8.8,2511.24,95000000,22000000,2023
VWG1410SD375,05-02-2023,West,Rajasthan,Chakan,Volkswagen,Taigun,Petrol,3,18.1,256,917.6,11.5,3101.12,135000000,35000000,2023
VWG1410SD376,09-02-2023,North,Uttar Pradesh,Pune,Volkswagen,Virtus,Petrol,4,19.4,282,392.8,12,2937.04,145000000,38000000,2023
VWG1410SD377,13-02-2023,South,Andhra Pradesh,Pune,Volkswagen,Polo,Petrol,4,18.7,236.5,334.4,9.5,2414.48,102000000,24000000,2023
VWG1410SD378,17-02-2023,East,Jharkhand,Chakan,Volkswagen,Tiguan,Diesel,4,15.6,275.5,290.6,10.2,2804.76,128000000,31000000,2023
VWG1410SD379,21-02-2023,West,Gujarat,Pune,Volkswagen,Vento,Petrol,4,17.2,243,109.6,8.8,3343.68,98000000,23000000,2023
VWG1410SD380,25-02-2023,North,Madhya Pradesh,Pune,Volkswagen,Taigun,Petrol,3,18.1,262.5,214.8,11.5,1016.6,140000000,36000000,2023
VWG1410SD381,01-03-2023,South,Goa,Chakan,Volkswagen,Virtus,Petrol,4,19.4,288.5,234.2,12,3232.92,150000000,39000000,2023
VWG1410SD382,05-03-2023,East,Assam,Pune,Volkswagen,Polo,Petrol,4,18.7,243,797.2,9.5,2357.28,105000000,25000000,2023
VWG1410SD383,09-03-2023,West,Maharashtra,Pune,Volkswagen,Tiguan,Diesel,4,15.6,269,330.2,10.2,1329.36,125000000,30000000,2023
VWG1410SD384,13-03-2023,North,Rajasthan,Chakan,Volkswagen,Vento,Petrol,4,17.2,230,727.6,8.8,3750.32,95000000,22000000,2023
VWG1410SD385,17-03-2023,South,Karnataka,Pune,Volkswagen,Taigun,Petrol,3,18.1,256,255.2,11.5,3156.96,135000000,35000000,2023
VWG1410SD386,21-03-2023,East,Odisha,Pune,Volkswagen,Virtus,Petrol,4,19.4,282,511.2,12,974.92,145000000,38000000,2023
VWG1410SD387,25-03-2023,West,Gujarat,Chakan,Volkswagen,Polo,Petrol,4,18.7,236.5,332.8,9.5,1705.2,102000000,24000000,2023
VWG1410SD388,29-03-2023,North,Delhi,Pune,Volkswagen,Tiguan,Diesel,4,15.6,275.5,417,10.2,2195.24,128000000,31000000,2023
VWG1410SD389,02-04-2023,South,Tamil Nadu,Pune,Volkswagen,Vento,Petrol,4,17.2,243,507.8,8.8,3472.64,98000000,23000000,2023
VWG1410SD390,06-04-2023,East,West Bengal,Chakan,Volkswagen,Taigun,Petrol,3,18.1,262.5,140.8,11.5,984.64,140000000,36000000,2023
VWG1410SD391,10-04-2023,West,Maharashtra,Pune,Volkswagen,Virtus,Petrol,4,19.4,288.5,146.8,12,2709.84,150000000,39000000,2023
VWG1410SD392,14-04-2023,North,Haryana,Pune,Volkswagen,Polo,Petrol,4,18.7,243,149.4,9.5,1015.24,105000000,25000000,2023
VWG1410SD393,18-04-2023,South,Kerala,Chakan,Volkswagen,Tiguan,Diesel,4,15.6,269,86.4,10.2,3644.96,125000000,30000000,2023
VWG1410SD394,22-04-2023,East,Bihar,Pune,Volkswagen,Vento,Petrol,4,17.2,230,394.4,8.8,1416.84,95000000,22000000,2023
VWG1410SD395,26-04-2023,West,Rajasthan,Chakan,Volkswagen,Taigun,Petrol,3,18.1,256,728.6,11.5,2732.64,135000000,35000000,2023
VWG1410SD396,30-04-2023,North,Uttar Pradesh,Pune,Volkswagen,Virtus,Petrol,4,19.4,282,137.2,12,3750.8,145000000,38000000,2023
VWG1410SD397,04-05-2023,South,Andhra Pradesh,Pune,Volkswagen,Polo,Petrol,4,18.7,236.5,128.2,9.5,1125.76,102000000,24000000,2023
VWG1410SD398,08-05-2023,East,Jharkhand,Chakan,Volkswagen,Tiguan,Diesel,4,15.6,275.5,213.8,10.2,3453.64,128000000,31000000,2023
VWG1410SD399,12-05-2023,West,Gujarat,Pune,Volkswagen,Vento,Petrol,4,17.2,243,647.6,8.8,1113.68,98000000,23000000,2023
VWG1410SD400,16-05-2023,North,Madhya Pradesh,Pune,Volkswagen,Taigun,Petrol,3,18.1,262.5,111.2,11.5,2674.8,140000000,36000000,2023
VWG1410SD401,20-05-2023,South,Goa,Chakan,Volkswagen,Virtus,Petrol,4,19.4,288.5,385.2,12,2561.16,150000000,39000000,2023
VWG1410SD402,24-05-2023,East,Assam,Pune,Volkswagen,Polo,Petrol,4,18.7,243,312.6,9.5,1776.36,105000000,25000000,2023
VWG1410SD403,28-05-2023,West,Maharashtra,Pune,Volkswagen,Tiguan,Diesel,4,15.6,269,83.6,10.2,2226.48,125000000,30000000,2023
VWG1410SD404,01-06-2023,North,Rajasthan,Chakan,Volkswagen,Vento,Petrol,4,17.2,230,692,8.8,1345.6,95000000,22000000,2023
VWG1410SD405,05-06-2023,South,Karnataka,Pune,Volkswagen,Taigun,Petrol,3,18.1,256,385,11.5,975.2,135000000,35000000,2023
VWG1410SD406,09-06-2023,East,Odisha,Pune,Volkswagen,Virtus,Petrol,4,19.4,282,727,12,2489.64,145000000,38000000,2023
VWG1410SD407,13-06-2023,West,Gujarat,Chakan,Volkswagen,Polo,Petrol,4,18.7,236.5,200.6,9.5,2585.56,102000000,24000000,2023
VWG1410SD408,17-06-2023,North,Delhi,Pune,Volkswagen,Tiguan,Diesel,4,15.6,275.5,286.4,10.2,2631,128000000,31000000,2023
VWG1410SD409,21-06-2023,South,Tamil Nadu,Pune,Volkswagen,Vento,Petrol,4,17.2,243,130.4,8.8,2992.04,98000000,23000000,2023
VWG1410SD410,25-06-2023,East,West Bengal,Chakan,Volkswagen,Taigun,Petrol,3,18.1,262.5,149.6,11.5,3778.12,140000000,36000000,2023
VWG1410SD411,29-06-2023,West,Maharashtra,Pune,Volkswagen,Virtus,Petrol,4,19.4,288.5,241.2,12,3039.6,150000000,39000000,2023
VWG1410SD412,03-07-2023,North,Haryana,Pune,Volkswagen,Polo,Petrol,4,18.7,243,284.4,9.5,3211.28,105000000,25000000,2023
VWG1410SD413,07-07-2023,South,Kerala,Chakan,Volkswagen,Tiguan,Diesel,4,15.6,269,162.8,10.2,1329.92,125000000,30000000,2023
VWG1410SD414,11-07-2023,East,Bihar,Pune,Volkswagen,Vento,Petrol,4,17.2,230,499,8.8,2267,95000000,22000000,2023
VWG1410SD415,15-07-2023,West,Rajasthan,Chakan,Volkswagen,Taigun,Petrol,3,18.1,256,356.4,11.5,3462.36,135000000,35000000,2023
VWG1410SD416,19-07-2023,North,Uttar Pradesh,Pune,Volkswagen,Virtus,Petrol,4,19.4,282,619.6,12,1323.84,145000000,38000000,2023
VWG1410SD417,23-07-2023,South,Andhra Pradesh,Pune,Volkswagen,Polo,Petrol,4,18.7,236.5,243.4,9.5,2285.44,102000000,24000000,2023
VWG1410SD418,27-07-2023,East,Jharkhand,Chakan,Volkswagen,Tiguan,Diesel,4,15.6,275.5,456.4,10.2,1837.36,128000000,31000000,2023
VWG1410SD419,31-07-2023,West,Gujarat,Pune,Volkswagen,Vento,Petrol,4,17.2,243,308.6,8.8,1527.96,98000000,23000000,2023
VWG1410SD420,04-08-2023,North,Madhya Pradesh,Pune,Volkswagen,Taigun,Petrol,3,18.1,262.5,293.4,11.5,1703.52,140000000,36000000,2023
VWG1410SD421,08-08-2023,South,Goa,Chakan,Volkswagen,Virtus,Petrol,4,19.4,288.5,519.2,12,1487.68,150000000,39000000,2023
VWG1410SD422,12-08-2023,East,Assam,Pune,Volkswagen,Polo,Petrol,4,18.7,243,462.4,9.5,1523.8,105000000,25000000,2023
VWG1410SD423,16-08-2023,West,Maharashtra,Pune,Volkswagen,Tiguan,Diesel,4,15.6,269,394,10.2,2656.76,125000000,30000000,2023
VWG1410SD424,20-08-2023,North,Rajasthan,Chakan,Volkswagen,Vento,Petrol,4,17.2,230,440.4,8.8,814.36,95000000,22000000,2023
VWG1410SD425,24-08-2023,South,Karnataka,Pune,Volkswagen,Taigun,Petrol,3,18.1,256,108.8,11.5,1612,135000000,35000000,2023
VWG1410SD426,28-08-2023,East,Odisha,Pune,Volkswagen,Virtus,Petrol,4,19.4,282,472.6,12,2877.16,145000000,38000000,2023
VWG1410SD427,01-09-2023,West,Gujarat,Chakan,Volkswagen,Polo,Petrol,4,18.7,236.5,379.6,9.5,3563.72,102000000,24000000,2023
VWG1410SD428,05-09-2023,North,Delhi,Pune,Volkswagen,Tiguan,Diesel,4,15.6,275.5,637.8,10.2,2950.8,128000000,31000000,2023
VWG1410SD429,09-09-2023,South,Tamil Nadu,Pune,Volkswagen,Vento,Petrol,4,17.2,243,190,8.8,1440.52,98000000,23000000,2023
VWG1410SD430,13-09-2023,East,West Bengal,Chakan,Volkswagen,Taigun,Petrol,3,18.1,262.5,150.4,11.5,3028.44,140000000,36000000,2023
VWG1410SD431,17-09-2023,West,Maharashtra,Pune,Volkswagen,Virtus,Petrol,4,19.4,288.5,168.6,12,1550.04,150000000,39000000,2023
VWG1410SD432,21-09-2023,North,Haryana,Pune,Volkswagen,Polo,Petrol,4,18.7,243,207.4,9.5,2771.72,105000000,25000000,2023
VWG1410SD433,25-09-2023,South,Kerala,Chakan,Volkswagen,Tiguan,Diesel,4,15.6,269,544.6,10.2,3553.28,125000000,30000000,2023
VWG1410SD434,29-09-2023,East,Bihar,Pune,Volkswagen,Vento,Petrol,4,17.2,230,484.8,8.8,1663.92,95000000,22000000,2023
VWG1410SD435,03-10-2023,West,Rajasthan,Chakan,Volkswagen,Taigun,Petrol,3,18.1,256,286.8,11.5,1940.68,135000000,35000000,2023
VWG1410SD436,07-10-2023,North,Uttar Pradesh,Pune,Volkswagen,Virtus,Petrol,4,19.4,282,90.4,12,3615.6,145000000,38000000,2023
VWG1410SD437,11-10-2023,South,Andhra Pradesh,Pune,Volkswagen,Polo,Petrol,4,18.7,236.5,347.8,9.5,2641.64,102000000,24000000,2023
VWG1410SD438,15-10-2023,East,Jharkhand,Chakan,Volkswagen,Tiguan,Diesel,4,15.6,275.5,172.8,10.2,1654.76,128000000,31000000,2023
VWG1410SD439,19-10-2023,West,Gujarat,Pune,Volkswagen,Vento,Petrol,4,17.2,243,230.6,8.8,1403.96,98000000,23000000,2023
VWG1410SD440,23-10-2023,North,Madhya Pradesh,Pune,Volkswagen,Taigun,Petrol,3,18.1,262.5,205,11.5,1615.4,140000000,36000000,2023
VWG1410SD441,27-10-2023,South,Goa,Chakan,Volkswagen,Virtus,Petrol,4,19.4,288.5,120.8,12,1472.28,150000000,39000000,2023
VWG1410SD442,31-10-2023,East,Assam,Pune,Volkswagen,Polo,Petrol,4,18.7,243,634,9.5,2858.88,105000000,25000000,2023
VWG1410SD443,04-11-2023,West,Maharashtra,Pune,Volkswagen,Tiguan,Diesel,4,15.6,269,534,10.2,2629.8,125000000,30000000,2023
VWG1410SD444,08-11-2023,North,Rajasthan,Chakan,Volkswagen,Vento,Petrol,4,17.2,230,206.8,8.8,3261.64,95000000,22000000,2023
VWG1410SD445,12-11-2023,South,Karnataka,Pune,Volkswagen,Taigun,Petrol,3,18.1,256,559.4,11.5,3914.64,135000000,35000000,2023
VWG1410SD446,16-11-2023,East,Odisha,Pune,Volkswagen,Virtus,Petrol,4,19.4,282,465,12,2120,145000000,38000000,2023
VWG1410SD447,20-11-2023,West,Gujarat,Chakan,Volkswagen,Polo,Petrol,4,18.7,236.5,270.4,9.5,3103.6,102000000,24000000,2023
VWG1410SD448,24-11-2023,North,Delhi,Pune,Volkswagen,Tiguan,Diesel,4,15.6,275.5,80.2,10.2,3276.04,128000000,31000000,2023
VWG1410SD449,28-11-2023,South,Tamil Nadu,Pune,Volkswagen,Vento,Petrol,4,17.2,243,600.6,8.8,846.44,98000000,23000000,2023
VWG1410SD450,02-12-2023,East,West Bengal,Chakan,Volkswagen,Taigun,Petrol,3,18.1,262.5,183.6,11.5,3095.12,140000000,36000000,2023
VWG1410SD451,06-12-2023,West,Maharashtra,Pune,Volkswagen,Virtus,Petrol,4,19.4,288.5,269.8,12,825.72,150000000,39000000,2023
VWG1410SD452,10-12-2023,North,Haryana,Pune,Volkswagen,Polo,Petrol,4,18.7,243,112.4,9.5,1362.28,105000000,25000000,2023
VWG1410SD453,14-12-2023,South,Kerala,Chakan,Volkswagen,Tiguan,Diesel,4,15.6,269,508.2,10.2,1069.08,125000000,30000000,2023
VWG1410SD454,18-12-2023,East,Bihar,Pune,Volkswagen,Vento,Petrol,4,17.2,230,125.2,8.8,2372.56,95000000,22000000,2023
VWG1410SD455,22-12-2023,West,Rajasthan,Chakan,Volkswagen,Taigun,Petrol,3,18.1,256,179.4,11.5,3802.72,135000000,35000000,2023
VWG1410SD456,26-12-2023,North,Uttar Pradesh,Pune,Volkswagen,Virtus,Petrol,4,19.4,282,153.6,12,896.92,145000000,38000000,2023
VWG1410SD457,30-12-2023,South,Andhra Pradesh,Pune,Volkswagen,Polo,Petrol,4,18.7,236.5,811.2,9.5,1826.76,102000000,24000000,2023
VWG1410SD458,03-01-2024,East,Jharkhand,Chakan,Volkswagen,Tiguan,Diesel,4,15.6,215,227,10.2,3647.72,128000000,31000000,2024
VWG1410SD459,07-01-2024,West,Gujarat,Pune,Volkswagen,Vento,Petrol,4,17.2,190,313.6,8.8,2498.36,98000000,23000000,2024
VWG1410SD460,11-01-2024,North,Madhya Pradesh,Pune,Volkswagen,Taigun,Petrol,3,18.1,205,496.4,11.5,3456.88,140000000,36000000,2024
VWG1410SD461,15-01-2024,South,Goa,Chakan,Volkswagen,Virtus,Petrol,4,19.4,225,741,12,3687,150000000,39000000,2024
VWG1410SD462,19-01-2024,East,Assam,Pune,Volkswagen,Polo,Petrol,4,18.7,190,97,9.5,2681.48,105000000,25000000,2024
VWG1410SD463,23-01-2024,West,Maharashtra,Pune,Volkswagen,Tiguan,Diesel,4,15.6,210,127.6,10.2,1593.84,125000000,30000000,2024
VWG1410SD464,27-01-2024,North,Rajasthan,Chakan,Volkswagen,Vento,Petrol,4,17.2,180,233.2,8.8,2031.84,95000000,22000000,2024
VWG1410SD465,31-01-2024,South,Karnataka,Pune,Volkswagen,Taigun,Petrol,3,18.1,200,239.6,11.5,3638.76,135000000,35000000,2024
VWG1410SD466,04-02-2024,East,Odisha,Pune,Volkswagen,Virtus,Petrol,4,19.4,220,116.6,12,1262.8,145000000,38000000,2024
VWG1410SD467,08-02-2024,West,Gujarat,Chakan,Volkswagen,Polo,Petrol,4,18.7,185,349.2,9.5,912.12,102000000,24000000,2024
VWG1410SD468,12-02-2024,North,Delhi,Pune,Volkswagen,Tiguan,Diesel,4,15.6,215,332,10.2,1476,128000000,31000000,2024
VWG1410SD469,16-02-2024,South,Tamil Nadu,Pune,Volkswagen,Vento,Petrol,4,17.2,190,183.6,8.8,3268.2,98000000,23000000,2024
VWG1410SD470,20-02-2024,East,West Bengal,Chakan,Volkswagen,Taigun,Petrol,3,18.1,205,963.8,11.5,1025.52,140000000,36000000,2024
VWG1410SD471,24-02-2024,West,Maharashtra,Pune,Volkswagen,Virtus,Petrol,4,19.4,225,405,12,2774.36,150000000,39000000,2024
VWG1410SD472,28-02-2024,North,Haryana,Pune,Volkswagen,Polo,Petrol,4,18.7,190,583.6,9.5,3508.76,105000000,25000000,2024
VWG1410SD473,03-03-2024,South,Kerala,Chakan,Volkswagen,Tiguan,Diesel,4,15.6,210,91.4,10.2,1330,125000000,30000000,2024
VWG1410SD474,07-03-2024,East,Bihar,Pune,Volkswagen,Vento,Petrol,4,17.2,180,308.2,8.8,1613.08,95000000,22000000,2024
VWG1410SD475,11-03-2024,West,Rajasthan,Chakan,Volkswagen,Taigun,Petrol,3,18.1,200,514.6,11.5,2108.76,135000000,35000000,2024
VWG1410SD476,15-03-2024,North,Uttar Pradesh,Pune,Volkswagen,Virtus,Petrol,4,19.4,220,311.6,12,2009.84,145000000,38000000,2024
VWG1410SD477,19-03-2024,South,Andhra Pradesh,Pune,Volkswagen,Polo,Petrol,4,18.7,185,937,9.5,935.68,102000000,24000000,2024
VWG1410SD478,23-03-2024,East,Jharkhand,Chakan,Volkswagen,Tiguan,Diesel,4,15.6,215,146.4,10.2,3670.24,128000000,31000000,2024
VWG1410SD479,27-03-2024,West,Gujarat,Pune,Volkswagen,Vento,Petrol,4,17.2,190,854.2,8.8,1350.4,98000000,23000000,2024
VWG1410SD480,31-03-2024,North,Madhya Pradesh,Pune,Volkswagen,Taigun,Petrol,3,18.1,205,505,11.5,2588.36,140000000,36000000,2024
VWG1410SD481,04-04-2024,South,Goa,Chakan,Volkswagen,Virtus,Petrol,4,19.4,225,171.8,12,3782.04,150000000,39000000,2024
VWG1410SD482,08-04-2024,East,Assam,Pune,Volkswagen,Polo,Petrol,4,18.7,190,685,9.5,1623.8,105000000,25000000,2024
VWG1410SD483,12-04-2024,West,Maharashtra,Pune,Volkswagen,Tiguan,Diesel,4,15.6,210,421.8,10.2,2905.68,125000000,30000000,2024
VWG1410SD484,16-04-2024,North,Rajasthan,Chakan,Volkswagen,Vento,Petrol,4,17.2,180,99.2,8.8,2064.76,95000000,22000000,2024
VWG1410SD485,20-04-2024,South,Karnataka,Pune,Volkswagen,Taigun,Petrol,3,18.1,200,499.6,11.5,3199.4,135000000,35000000,2024
VWG1410SD486,24-04-2024,East,Odisha,Pune,Volkswagen,Virtus,Petrol,4,19.4,220,475.6,12,1130.2,145000000,38000000,2024
VWG1410SD487,28-04-2024,West,Gujarat,Chakan,Volkswagen,Polo,Petrol,4,18.7,185,113.4,9.5,3647.8,102000000,24000000,2024
VWG1410SD488,02-05-2024,North,Delhi,Pune,Volkswagen,Tiguan,Diesel,4,15.6,215,100.8,10.2,1469.76,128000000,31000000,2024
VWG1410SD489,06-05-2024,South,Tamil Nadu,Pune,Volkswagen,Vento,Petrol,4,17.2,190,218,8.8,877,98000000,23000000,2024
VWG1410SD490,10-05-2024,East,West Bengal,Chakan,Volkswagen,Taigun,Petrol,3,18.1,205,346.4,11.5,3599.8,140000000,36000000,2024
VWG1410SD491,14-05-2024,West,Maharashtra,Pune,Volkswagen,Virtus,Petrol,4,19.4,225,147,12,1348.96,150000000,39000000,2024
VWG1410SD492,18-05-2024,North,Haryana,Pune,Volkswagen,Polo,Petrol,4,18.7,190,433,9.5,1758.2,105000000,25000000,2024
VWG1410SD493,22-05-2024,South,Kerala,Chakan,Volkswagen,Tiguan,Diesel,4,15.6,210,128.4,10.2,3598.36,125000000,30000000,2024
VWG1410SD494,26-05-2024,East,Bihar,Pune,Volkswagen,Vento,Petrol,4,17.2,180,90.2,8.8,2651.84,95000000,22000000,2024
VWG1410SD495,30-05-2024,West,Rajasthan,Chakan,Volkswagen,Taigun,Petrol,3,18.1,200,656.2,11.5,1027.56,135000000,35000000,2024
VWG1410SD496,03-06-2024,North,Uttar Pradesh,Pune,Volkswagen,Virtus,Petrol,4,19.4,220,385,12,1411.48,145000000,38000000,2024
VWG1410SD497,07-06-2024,South,Andhra Pradesh,Pune,Volkswagen,Polo,Petrol,4,18.7,185,596,9.5,3110.76,102000000,24000000,2024
VWG1410SD498,11-06-2024,East,Jharkhand,Chakan,Volkswagen,Tiguan,Diesel,4,15.6,215,84,10.2,3875.28,128000000,31000000,2024
VWG1410SD499,15-06-2024,West,Gujarat,Pune,Volkswagen,Vento,Petrol,4,17.2,190,118.8,8.8,3665.36,98000000,23000000,2024
VWG1410SD500,19-06-2024,North,Madhya Pradesh,Pune,Volkswagen,Taigun,Petrol,3,18.1,205,369,11.5,933.84,140000000,36000000,2024
VWG1410SD501,23-06-2024,South,Goa,Chakan,Volkswagen,Virtus,Petrol,4,19.4,225,364.4,12,2098.32,150000000,39000000,2024
VWG1410SD502,27-06-2024,East,Assam,Pune,Volkswagen,Polo,Petrol,4,18.7,190,228,9.5,2582.92,105000000,25000000,2024
VWG1410SD503,01-07-2024,West,Maharashtra,Pune,Volkswagen,Tiguan,Diesel,4,15.6,210,527.2,10.2,825.08,125000000,30000000,2024
VWG1410SD504,05-07-2024,North,Rajasthan,Chakan,Volkswagen,Vento,Petrol,4,17.2,180,100,8.8,2852,95000000,22000000,2024
VWG1410SD505,09-07-2024,South,Karnataka,Pune,Volkswagen,Taigun,Petrol,3,18.1,200,251.6,11.5,1670,135000000,35000000,2024
VWG1410SD506,13-07-2024,East,Odisha,Pune,Volkswagen,Virtus,Petrol,4,19.4,220,211.4,12,2434.72,145000000,38000000,2024
VWG1410SD507,17-07-2024,West,Gujarat,Chakan,Volkswagen,Polo,Petrol,4,18.7,185,521.4,9.5,1421.24,102000000,24000000,2024
VWG1410SD508,21-07-2024,North,Delhi,Pune,Volkswagen,Tiguan,Diesel,4,15.6,215,81.4,10.2,3604.4,128000000,31000000,2024
VWG1410SD509,25-07-2024,South,Tamil Nadu,Pune,Volkswagen,Vento,Petrol,4,17.2,190,314,8.8,2913.2,98000000,23000000,2024
VWG1410SD510,29-07-2024,East,West Bengal,Chakan,Volkswagen,Taigun,Petrol,3,18.1,205,128.4,11.5,3940.84,140000000,36000000,2024
VWG1410SD511,02-08-2024,West,Maharashtra,Pune,Volkswagen,Virtus,Petrol,4,19.4,225,193.6,12,1284.8,150000000,39000000,2024
VWG1410SD512,06-08-2024,North,Haryana,Pune,Volkswagen,Polo,Petrol,4,18.7,190,460.4,9.5,2219.24,105000000,25000000,2024
VWG1410SD513,10-08-2024,South,Kerala,Chakan,Volkswagen,Tiguan,Diesel,4,15.6,210,321.2,10.2,1110.4,125000000,30000000,2024
VWG1410SD514,14-08-2024,East,Bihar,Pune,Volkswagen,Vento,Petrol,4,17.2,180,555.6,8.8,2687.2,95000000,22000000,2024
VWG1410SD515,18-08-2024,West,Rajasthan,Chakan,Volkswagen,Taigun,Petrol,3,18.1,200,585,11.5,3498.64,135000000,35000000,2024
VWG1410SD516,22-08-2024,North,Uttar Pradesh,Pune,Volkswagen,Virtus,Petrol,4,19.4,220,175.2,12,2605.32,145000000,38000000,2024
VWG1410SD517,26-08-2024,South,Andhra Pradesh,Pune,Volkswagen,Polo,Petrol,4,18.7,185,153.6,9.5,2577.96,102000000,24000000,2024
VWG1410SD518,30-08-2024,East,Jharkhand,Chakan,Volkswagen,Tiguan,Diesel,4,15.6,215,110.2,10.2,3624.32,128000000,31000000,2024
VWG1410SD519,03-09-2024,West,Gujarat,Pune,Volkswagen,Vento,Petrol,4,17.2,190,389.8,8.8,2261.44,98000000,23000000,2024
VWG1410SD520,07-09-2024,North,Madhya Pradesh,Pune,Volkswagen,Taigun,Petrol,3,18.1,205,665.4,11.5,1409.68,140000000,36000000,2024
VWG1410SD521,11-09-2024,South,Goa,Chakan,Volkswagen,Virtus,Petrol,4,19.4,225,370.2,12,3333.52,150000000,39000000,2024
VWG1410SD522,15-09-2024,East,Assam,Pune,Volkswagen,Polo,Petrol,4,18.7,190,162.4,9.5,932.64,105000000,25000000,2024
VWG1410SD523,19-09-2024,West,Maharashtra,Pune,Volkswagen,Tiguan,Diesel,4,15.6,210,195.4,10.2,2213.92,125000000,30000000,2024
VWG1410SD524,23-09-2024,North,Rajasthan,Chakan,Volkswagen,Vento,Petrol,4,17.2,180,311.8,8.8,2503.32,95000000,22000000,2024
VWG1410SD525,27-09-2024,South,Karnataka,Pune,Volkswagen,Taigun,Petrol,3,18.1,200,210.8,11.5,1614.56,135000000,35000000,2024
VWG1410SD526,01-10-2024,East,Odisha,Pune,Volkswagen,Virtus,Petrol,4,19.4,220,371.6,12,2816.96,145000000,38000000,2024
VWG1410SD527,05-10-2024,West,Gujarat,Chakan,Volkswagen,Polo,Petrol,4,18.7,185,117.6,9.5,1033.2,102000000,24000000,2024
VWG1410SD528,09-10-2024,North,Delhi,Pune,Volkswagen,Tiguan,Diesel,4,15.6,215,238.4,10.2,2877.72,128000000,31000000,2024
VWG1410SD529,13-10-2024,South,Tamil Nadu,Pune,Volkswagen,Vento,Petrol,4,17.2,190,473.2,8.8,2504.96,98000000,23000000,2024
VWG1410SD530,17-10-2024,East,West Bengal,Chakan,Volkswagen,Taigun,Petrol,3,18.1,205,126.6,11.5,1960.08,140000000,36000000,2024
VWG1410SD531,21-10-2024,West,Maharashtra,Pune,Volkswagen,Virtus,Petrol,4,19.4,225,268.8,12,3536.64,150000000,39000000,2024
VWG1410SD532,25-10-2024,North,Haryana,Pune,Volkswagen,Polo,Petrol,4,18.7,190,275.6,9.5,3324.08,105000000,25000000,2024
VWG1410SD533,29-10-2024,South,Kerala,Chakan,Volkswagen,Tiguan,Diesel,4,15.6,210,135,10.2,2438.56,125000000,30000000,2024
VWG1410SD534,02-11-2024,East,Bihar,Pune,Volkswagen,Vento,Petrol,4,17.2,180,184,8.8,1195.76,95000000,22000000,2024
VWG1410SD535,06-11-2024,West,Rajasthan,Chakan,Volkswagen,Taigun,Petrol,3,18.1,200,260.8,11.5,2693.28,135000000,35000000,2024
VWG1410SD536,10-11-2024,North,Uttar Pradesh,Pune,Volkswagen,Virtus,Petrol,4,19.4,220,686.8,12,2101.76,145000000,38000000,2024
VWG1410SD537,14-11-2024,South,Andhra Pradesh,Pune,Volkswagen,Polo,Petrol,4,18.7,185,480.4,9.5,3006.48,102000000,24000000,2024
VWG1410SD538,18-11-2024,East,Jharkhand,Chakan,Volkswagen,Tiguan,Diesel,4,15.6,215,118.4,10.2,3408.48,128000000,31000000,2024
VWG1410SD539,22-11-2024,West,Gujarat,Pune,Volkswagen,Vento,Petrol,4,17.2,190,347.4,8.8,2079.96,98000000,23000000,2024
VWG1410SD540,26-11-2024,North,Madhya Pradesh,Pune,Volkswagen,Taigun,Petrol,3,18.1,205,184.4,11.5,3037.16,140000000,36000000,2024
VWG1410SD541,30-11-2024,South,Goa,Chakan,Volkswagen,Virtus,Petrol,4,19.4,225,519.6,12,3683.96,150000000,39000000,2024
VWG1410SD542,04-12-2024,East,Assam,Pune,Volkswagen,Polo,Petrol,4,18.7,190,133.8,9.5,1918.88,105000000,25000000,2024
VWG1410SD543,08-12-2024,West,Maharashtra,Pune,Volkswagen,Tiguan,Diesel,4,15.6,210,210.2,10.2,2939.92,125000000,30000000,2024
VWG1410SD544,12-12-2024,North,Rajasthan,Chakan,Volkswagen,Vento,Petrol,4,17.2,180,90.6,8.8,3135.04,95000000,22000000,2024
VWG1410SD545,16-12-2024,South,Karnataka,Pune,Volkswagen,Taigun,Petrol,3,18.1,200,295.4,11.5,3832.08,135000000,35000000,2024
VWG1410SD546,20-12-2024,East,Odisha,Pune,Volkswagen,Virtus,Petrol,4,19.4,220,792.2,12,2136.12,145000000,38000000,2024
VWG1410SD547,24-12-2024,West,Gujarat,Chakan,Volkswagen,Polo,Petrol,4,18.7,185,537.2,9.5,3668.36,102000000,24000000,2024
VWG1410SD548,28-12-2024,North,Delhi,Pune,Volkswagen,Tiguan,Diesel,4,15.6,215,185.8,10.2,1533.36,128000000,31000000,2024
VWG1410SD549,01-01-2025,South,Tamil Nadu,Pune,Volkswagen,Vento,Petrol,4,17.2,190,154.6,8.8,1167.2,98000000,23000000,2025
VWG1410SD550,05-01-2025,East,West Bengal,Chakan,Volkswagen,Taigun,Petrol,3,18.1,205,325.2,11.5,3025.4,140000000,36000000,2025
VWG1410SD551,09-01-2025,West,Maharashtra,Pune,Volkswagen,Virtus,Petrol,4,19.4,225,287.8,12,2817.72,150000000,39000000,2025
VWG1410SD552,13-01-2025,North,Haryana,Pune,Volkswagen,Polo,Petrol,4,18.7,190,365.6,9.5,3428.72,105000000,25000000,2025
VWG1410SD553,17-01-2025,South,Kerala,Chakan,Volkswagen,Tiguan,Diesel,4,15.6,210,452.2,10.2,1441,125000000,30000000,2025
VWG1410SD554,21-01-2025,East,Bihar,Pune,Volkswagen,Vento,Petrol,4,17.2,180,131,8.8,2069.64,95000000,22000000,2025
VWG1410SD555,25-01-2025,West,Rajasthan,Chakan,Volkswagen,Taigun,Petrol,3,18.1,200,567.6,11.5,2007.12,135000000,35000000,2025
VWG1410SD556,29-01-2025,North,Uttar Pradesh,Pune,Volkswagen,Virtus,Petrol,4,19.4,220,159,12,3029.24,145000000,38000000,2025
VWG1410SD557,02-02-2025,South,Andhra Pradesh,Pune,Volkswagen,Polo,Petrol,4,18.7,185,692,9.5,2596.6,102000000,24000000,2025
VWG1410SD558,06-02-2025,East,Jharkhand,Chakan,Volkswagen,Tiguan,Diesel,4,15.6,215,600.2,10.2,3608.48,128000000,31000000,2025
VWG1410SD559,10-02-2025,West,Gujarat,Pune,Volkswagen,Vento,Petrol,4,17.2,190,249.2,8.8,2953.88,98000000,23000000,2025
VWG1410SD560,14-02-2025,North,Madhya Pradesh,Pune,Volkswagen,Taigun,Petrol,3,18.1,205,82.2,11.5,1108.92,140000000,36000000,2025
VWG1410SD561,18-02-2025,South,Goa,Chakan,Volkswagen,Virtus,Petrol,4,19.4,225,160.6,12,1213.24,150000000,39000000,2025
VWG1410SD562,22-02-2025,East,Assam,Pune,Volkswagen,Polo,Petrol,4,18.7,190,110,9.5,2824.84,105000000,25000000,2025
VWG1410SD563,26-02-2025,West,Maharashtra,Pune,Volkswagen,Tiguan,Diesel,4,15.6,210,117.6,10.2,2878.12,125000000,30000000,2025
VWG1410SD564,02-03-2025,North,Rajasthan,Chakan,Volkswagen,Vento,Petrol,4,17.2,180,106,8.8,1258.8,95000000,22000000,2025
VWG1410SD565,06-03-2025,South,Karnataka,Pune,Volkswagen,Taigun,Petrol,3,18.1,200,181.2,11.5,3848.84,135000000,35000000,2025
VWG1410SD566,10-03-2025,East,Odisha,Pune,Volkswagen,Virtus,Petrol,4,19.4,220,121.6,12,3002.16,145000000,38000000,2025
VWG1410SD567,14-03-2025,West,Gujarat,Chakan,Volkswagen,Polo,Petrol,4,18.7,185,91.2,9.5,2182.32,102000000,24000000,2025
VWG1410SD568,18-03-2025,North,Delhi,Pune,Volkswagen,Tiguan,Diesel,4,15.6,215,84.6,10.2,2721.16,128000000,31000000,2025
VWG1410SD569,22-03-2025,South,Tamil Nadu,Pune,Volkswagen,Vento,Petrol,4,17.2,190,593.2,8.8,2167.16,98000000,23000000,2025
VWG1410SD570,26-03-2025,East,West Bengal,Chakan,Volkswagen,Taigun,Petrol,3,18.1,205,128,11.5,3102.96,140000000,36000000,2025
VWG1410SD571,30-03-2025,West,Maharashtra,Pune,Volkswagen,Virtus,Petrol,4,19.4,225,104.8,12,1437.56,150000000,39000000,2025
VWG1410SD572,03-04-2025,North,Haryana,Pune,Volkswagen,Polo,Petrol,4,18.7,190,187.8,9.5,3887.56,105000000,25000000,2025
VWG1410SD573,07-04-2025,South,Kerala,Chakan,Volkswagen,Tiguan,Diesel,4,15.6,210,473.6,10.2,839.68,125000000,30000000,2025
VWG1410SD574,11-04-2025,East,Bihar,Pune,Volkswagen,Vento,Petrol,4,17.2,180,326.6,8.8,1289.28,95000000,22000000,2025
VWG1410SD575,15-04-2025,West,Rajasthan,Chakan,Volkswagen,Taigun,Petrol,3,18.1,200,147.8,11.5,1047.24,135000000,35000000,2025
VWG1410SD576,19-04-2025,North,Uttar Pradesh,Pune,Volkswagen,Virtus,Petrol,4,19.4,220,168.4,12,3626.12,145000000,38000000,2025
VWG1410SD577,23-04-2025,South,Andhra Pradesh,Pune,Volkswagen,Polo,Petrol,4,18.7,185,116.2,9.5,1854.24,102000000,24000000,2025
VWG1410SD578,27-04-2025,East,Jharkhand,Chakan,Volkswagen,Tiguan,Diesel,4,15.6,215,304.2,10.2,2048.8,128000000,31000000,2025
VWG1410SD579,01-05-2025,West,Gujarat,Pune,Volkswagen,Vento,Petrol,4,17.2,190,705.4,8.8,1057.84,98000000,23000000,2025
VWG1410SD580,05-05-2025,North,Madhya Pradesh,Pune,Volkswagen,Taigun,Petrol,3,18.1,205,89,11.5,3120.4,140000000,36000000,2025
VWG1410SD581,09-05-2025,South,Goa,Chakan,Volkswagen,Virtus,Petrol,4,19.4,225,218.6,12,2703.6,150000000,39000000,2025
VWG1410SD582,13-05-2025,East,Assam,Pune,Volkswagen,Polo,Petrol,4,18.7,190,413.6,9.5,1428.52,105000000,25000000,2025
VWG1410SD583,17-05-2025,West,Maharashtra,Pune,Volkswagen,Tiguan,Diesel,4,15.6,210,882.2,10.2,3997.64,125000000,30000000,2025
VWG1410SD584,21-05-2025,North,Rajasthan,Chakan,Volkswagen,Vento,Petrol,4,17.2,180,436,8.8,2693.8,95000000,22000000,2025
VWG1410SD585,25-05-2025,South,Karnataka,Pune,Volkswagen,Taigun,Petrol,3,18.1,200,317,11.5,1688.64,135000000,35000000,2025
VWG1410SD586,29-05-2025,East,Odisha,Pune,Volkswagen,Virtus,Petrol,4,19.4,220,327.6,12,1563.16,145000000,38000000,2025
VWG1410SD587,02-06-2025,West,Gujarat,Chakan,Volkswagen,Polo,Petrol,4,18.7,185,277,9.5,3297.84,102000000,24000000,2025
VWG1410SD588,06-06-2025,North,Delhi,Pune,Volkswagen,Tiguan,Diesel,4,15.6,215,150.8,10.2,3106.28,128000000,31000000,2025
VWG1410SD589,10-06-2025,South,Tamil Nadu,Pune,Volkswagen,Vento,Petrol,4,17.2,190,174.2,8.8,1720.24,98000000,23000000,2025
VWG1410SD590,14-06-2025,East,West Bengal,Chakan,Volkswagen,Taigun,Petrol,3,18.1,205,122.8,11.5,3623.72,140000000,36000000,2025
VWG1410SD591,18-06-2025,West,Maharashtra,Pune,Volkswagen,Virtus,Petrol,4,19.4,225,220.2,12,3148.84,150000000,39000000,2025
VWG1410SD592,22-06-2025,North,Haryana,Pune,Volkswagen,Polo,Petrol,4,18.7,190,129.4,9.5,3734.36,105000000,25000000,2025
VWG1410SD593,26-06-2025,South,Kerala,Chakan,Volkswagen,Tiguan,Diesel,4,15.6,210,143,10.2,2385.04,125000000,30000000,2025
VWG1410SD594,30-06-2025,East,Bihar,Pune,Volkswagen,Vento,Petrol,4,17.2,180,87.2,8.8,1727.12,95000000,22000000,2025
VWG1410SD595,04-07-2025,West,Rajasthan,Chakan,Volkswagen,Taigun,Petrol,3,18.1,200,245,11.5,3619,135000000,35000000,2025
VWG1410SD596,08-07-2025,North,Uttar Pradesh,Pune,Volkswagen,Virtus,Petrol,4,19.4,220,80,12,3715.68,145000000,38000000,2025
VWG1410SD597,12-07-2025,South,Andhra Pradesh,Pune,Volkswagen,Polo,Petrol,4,18.7,185,215.8,9.5,3460,102000000,24000000,2025
VWG1410SD598,16-07-2025,East,Jharkhand,Chakan,Volkswagen,Tiguan,Diesel,4,15.6,215,601,10.2,888,128000000,31000000,2025
VWG1410SD599,20-07-2025,West,Gujarat,Pune,Volkswagen,Vento,Petrol,4,17.2,190,323,8.8,3171.84,98000000,23000000,2025
VWG1410SD600,24-07-2025,North,Madhya Pradesh,Pune,Volkswagen,Taigun,Petrol,3,18.1,205,115.4,11.5,3485.4,140000000,36000000,2025
VWG1410SD601,28-07-2025,South,Goa,Chakan,Volkswagen,Virtus,Petrol,4,19.4,225,441.2,12,3468.04,150000000,39000000,2025
VWG1410SD602,01-08-2025,East,Assam,Pune,Volkswagen,Polo,Petrol,4,18.7,190,338.6,9.5,1676.64,105000000,25000000,2025
VWG1410SD603,05-08-2025,West,Maharashtra,Pune,Volkswagen,Tiguan,Diesel,4,15.6,210,753.4,10.2,1663.56,125000000,30000000,2025
VWG1410SD604,09-08-2025,North,Rajasthan,Chakan,Volkswagen,Vento,Petrol,4,17.2,180,610.2,8.8,2079.16,95000000,22000000,2025
VWG1410SD605,13-08-2025,South,Karnataka,Pune,Volkswagen,Taigun,Petrol,3,18.1,200,288.6,11.5,2723.4,135000000,35000000,2025
VWG1410SD606,17-08-2025,East,Odisha,Pune,Volkswagen,Virtus,Petrol,4,19.4,220,760.2,12,1385.72,145000000,38000000,2025
VWG1410SD607,21-08-2025,West,Gujarat,Chakan,Volkswagen,Polo,Petrol,4,18.7,185,679.6,9.5,3951.24,102000000,24000000,2025
VWG1410SD608,25-08-2025,North,Delhi,Pune,Volkswagen,Tiguan,Diesel,4,15.6,215,181.4,10.2,1317.84,128000000,31000000,2025
VWG1410SD609,29-08-2025,South,Tamil Nadu,Pune,Volkswagen,Vento,Petrol,4,17.2,190,209.2,8.8,1456.24,98000000,23000000,2025
VWG1410SD610,02-09-2025,East,West Bengal,Chakan,Volkswagen,Taigun,Petrol,3,18.1,205,119.6,11.5,3237.92,140000000,36000000,2025
VWG1410SD611,06-09-2025,West,Maharashtra,Pune,Volkswagen,Virtus,Petrol,4,19.4,225,191,12,3338.52,150000000,39000000,2025
VWG1410SD612,10-09-2025,North,Haryana,Pune,Volkswagen,Polo,Petrol,4,18.7,190,124.6,9.5,3972.28,105000000,25000000,2025
VWG1410SD613,14-09-2025,South,Kerala,Chakan,Volkswagen,Tiguan,Diesel,4,15.6,210,235,10.2,3289.88,125000000,30000000,2025
VWG1410SD614,18-09-2025,East,Bihar,Pune,Volkswagen,Vento,Petrol,4,17.2,180,117,8.8,1429.52,95000000,22000000,2025
VWG1410SD615,22-09-2025,West,Rajasthan,Chakan,Volkswagen,Taigun,Petrol,3,18.1,200,92.8,11.5,3831.88,135000000,35000000,2025
VWG1410SD616,26-09-2025,North,Uttar Pradesh,Pune,Volkswagen,Virtus,Petrol,4,19.4,220,182.4,12,3702.76,145000000,38000000,2025
VWG1410SD617,30-09-2025,South,Andhra Pradesh,Pune,Volkswagen,Polo,Petrol,4,18.7,185,764.6,9.5,1396.32,102000000,24000000,2025
VWG1410SD618,04-10-2025,East,Jharkhand,Chakan,Volkswagen,Tiguan,Diesel,4,15.6,215,426.2,10.2,1266.8,128000000,31000000,2025
VWG1410SD619,08-10-2025,West,Gujarat,Pune,Volkswagen,Vento,Petrol,4,17.2,190,489.2,8.8,3581.4,98000000,23000000,2025
VWG1410SD620,12-10-2025,North,Madhya Pradesh,Pune,Volkswagen,Taigun,Petrol,3,18.1,205,85.8,11.5,3814.16,140000000,36000000,2025
VWG1410SD621,16-10-2025,South,Goa,Chakan,Volkswagen,Virtus,Petrol,4,19.4,225,281.2,12,2078.56,150000000,39000000,2025
VWG1410SD622,20-10-2025,East,Assam,Pune,Volkswagen,Polo,Petrol,4,18.7,190,347,9.5,3989.72,105000000,25000000,2025
VWG1410SD623,24-10-2025,West,Maharashtra,Pune,Volkswagen,Tiguan,Diesel,4,15.6,210,286,10.2,2613.32,125000000,30000000,2025
VWG1410SD624,28-10-2025,North,Rajasthan,Chakan,Volkswagen,Vento,Petrol,4,17.2,180,126,8.8,2265.72,95000000,22000000,2025
VWG1410SD625,01-11-2025,South,Karnataka,Pune,Volkswagen,Taigun,Petrol,3,18.1,200,892.6,11.5,2358.72,135000000,35000000,2025
VWG1410SD626,05-11-2025,East,Odisha,Pune,Volkswagen,Virtus,Petrol,4,19.4,220,80,12,1068.04,145000000,38000000,2025
VWG1410SD627,09-11-2025,West,Gujarat,Chakan,Volkswagen,Polo,Petrol,4,18.7,185,142.4,9.5,2395.08,102000000,24000000,2025
VWG1410SD628,13-11-2025,North,Delhi,Pune,Volkswagen,Tiguan,Diesel,4,15.6,215,87.4,10.2,3592.52,128000000,31000000,2025
VWG1410SD629,17-11-2025,South,Tamil Nadu,Pune,Volkswagen,Vento,Petrol,4,17.2,190,487,8.8,2027.44,98000000,23000000,2025
VWG1410SD630,21-11-2025,East,West Bengal,Chakan,Volkswagen,Taigun,Petrol,3,18.1,205,92.8,11.5,1217.68,140000000,36000000,2025
VWG1410SD631,25-11-2025,West,Maharashtra,Pune,Volkswagen,Virtus,Petrol,4,19.4,225,129.6,12,2208.96,150000000,39000000,2025
VWG1410SD632,29-11-2025,North,Haryana,Pune,Volkswagen,Polo,Petrol,4,18.7,190,788,9.5,1457,105000000,25000000,2025
VWG1410SD633,03-12-2025,South,Kerala,Chakan,Volkswagen,Tiguan,Diesel,4,15.6,210,407.2,10.2,1868.36,125000000,30000000,2025
VWG1410SD634,07-12-2025,East,Bihar,Pune,Volkswagen,Vento,Petrol,4,17.2,180,865.2,8.8,3860.04,95000000,22000000,2025
VWG1410SD635,11-12-2025,West,Rajasthan,Chakan,Volkswagen,Taigun,Petrol,3,18.1,200,225.8,11.5,3608.88,135000000,35000000,2025
VWG1410SD636,15-12-2025,North,Uttar Pradesh,Pune,Volkswagen,Virtus,Petrol,4,19.4,220,84.8,12,3142.6,145000000,38000000,2025
VWG1410SD637,19-12-2025,South,Andhra Pradesh,Pune,Volkswagen,Polo,Petrol,4,18.7,185,224.2,9.5,3243.92,102000000,24000000,2025
VWG1410SD638,23-12-2025,East,Jharkhand,Chakan,Volkswagen,Tiguan,Diesel,4,15.6,215,473.2,10.2,2215.72,128000000,31000000,2025
VWG1410SD639,27-12-2025,West,Gujarat,Pune,Volkswagen,Vento,Petrol,4,17.2,190,95.4,8.8,3183.72,98000000,23000000,2025
VWG1410SD640,31-12-2025,North,Madhya Pradesh,Pune,Volkswagen,Taigun,Petrol,3,18.1,205,215,11.5,3902.04,140000000,36000000,2025
VWG1410SD641,05-01-2019,West,Maharashtra,Pune,Volkswagen,Polo,Petrol,4,18.7,95,100.2,9.5,2059.44,105000000,25000000,2019
VWG1410SD642,09-01-2019,South,Karnataka,Pune,Volkswagen,Tiguan,Diesel,4,15.6,105,194.6,10.2,3508.16,125000000,30000000,2019
VWG1410SD643,09-01-2019,West,Gujarat,Pune,Volkswagen,Vento,Petrol,4,17.2,90,381.4,8.8,2431.16,95000000,22000000,2019
VWG1410SD644,13-01-2019,East,Odisha,Chakan,Volkswagen,Polo,Petrol,4,18.7,97.5,167.4,9.5,1607.72,110000000,26000000,2019
VWG1410SD645,17-01-2019,North,Delhi,Pune,Volkswagen,Taigun,Petrol,3,18.1,100,117.6,11.5,3148.36,135000000,35000000,2019
VWG1410SD646,21-01-2019,South,Tamil Nadu,Pune,Volkswagen,Virtus,Petrol,4,19.4,110,243.8,12,1795.56,145000000,38000000,2019
VWG1410SD647,25-01-2019,West,Maharashtra,Chakan,Volkswagen,Polo,Petrol,4,18.7,92.5,757.2,9.5,1191.92,102000000,24000000,2019
VWG1410SD648,29-01-2019,North,Haryana,Pune,Volkswagen,Tiguan,Diesel,4,15.6,107.5,521.2,10.2,3275.24,128000000,31000000,2019
VWG1410SD649,02-02-2019,South,Kerala,Chakan,Volkswagen,Vento,Petrol,4,17.2,95,326.6,8.8,2246.16,98000000,23000000,2019
VWG1410SD650,06-02-2019,East,West Bengal,Pune,Volkswagen,Taigun,Petrol,3,18.1,102.5,412,11.5,2033.8,140000000,36000000,2019
VWG1410SD651,10-02-2019,West,Rajasthan,Pune,Volkswagen,Virtus,Petrol,4,19.4,112.5,226.8,12,3443.92,150000000,39000000,2019
VWG1410SD652,14-02-2019,North,Uttar Pradesh,Chakan,Volkswagen,Polo,Petrol,4,18.7,95,88.2,9.5,2277.96,105000000,25000000,2019
VWG1410SD653,18-02-2019,South,Andhra Pradesh,Pune,Volkswagen,Tiguan,Diesel,4,15.6,105,405.6,10.2,1181.36,125000000,30000000,2019
VWG1410SD654,22-02-2019,East,Bihar,Pune,Volkswagen,Vento,Petrol,4,17.2,90,346.2,8.8,1632.52,95000000,22000000,2019
VWG1410SD655,26-02-2019,West,Maharashtra,Chakan,Volkswagen,Taigun,Petrol,3,18.1,100,148.6,11.5,1238.44,135000000,35000000,2019
VWG1410SD656,02-03-2019,North,Punjab,Pune,Volkswagen,Virtus,Petrol,4,19.4,110,191,12,2714.6,145000000,38000000,2019
VWG1410SD657,06-03-2019,South,Telangana,Pune,Volkswagen,Polo,Petrol,4,18.7,92.5,161.4,9.5,3349.88,102000000,24000000,2019
VWG1410SD658,10-03-2019,East,Jharkhand,Chakan,Volkswagen,Tiguan,Diesel,4,15.6,107.5,122.6,10.2,2792.08,128000000,31000000,2019
VWG1410SD659,14-03-2019,West,Gujarat,Pune,Volkswagen,Vento,Petrol,4,17.2,95,189.2,8.8,3881.56,98000000,23000000,2019
VWG1410SD660,18-03-2019,North,Madhya Pradesh,Pune,Volkswagen,Taigun,Petrol,3,18.1,102.5,278,11.5,3596.32,140000000,36000000,2019
VWG1410SD661,22-03-2019,South,Goa,Chakan,Volkswagen,Virtus,Petrol,4,19.4,112.5,558,12,3701.6,150000000,39000000,2019
VWG1410SD662,26-03-2019,East,Assam,Pune,Volkswagen,Polo,Petrol,4,18.7,95,81.8,9.5,2347.12,105000000,25000000,2019
VWG1410SD663,30-03-2019,West,Maharashtra,Pune,Volkswagen,Tiguan,Diesel,4,15.6,105,251.8,10.2,1567.76,125000000,30000000,2019
VWG1410SD664,03-04-2019,North,Rajasthan,Chakan,Volkswagen,Vento,Petrol,4,17.2,90,201.8,8.8,1637.32,95000000,22000000,2019
VWG1410SD665,07-04-2019,South,Karnataka,Pune,Volkswagen,Taigun,Petrol,3,18.1,100,123.6,11.5,3027.24,135000000,35000000,2019
VWG1410SD666,11-04-2019,East,Odisha,Pune,Volkswagen,Virtus,Petrol,4,19.4,110,476.4,12,3594.44,145000000,38000000,2019
VWG1410SD667,15-04-2019,West,Gujarat,Chakan,Volkswagen,Polo,Petrol,4,18.7,92.5,653.8,9.5,2232.52,102000000,24000000,2019
VWG1410SD668,19-04-2019,North,Delhi,Pune,Volkswagen,Tiguan,Diesel,4,15.6,107.5,304.6,10.2,995.8,128000000,31000000,2019
VWG1410SD669,23-04-2019,South,Tamil Nadu,Pune,Volkswagen,Vento,Petrol,4,17.2,95,86.2,8.8,2699.44,98000000,23000000,2019
VWG1410SD670,27-04-2019,East,West Bengal,Chakan,Volkswagen,Taigun,Petrol,3,18.1,102.5,427.6,11.5,3362.16,140000000,36000000,2019
VWG1410SD671,01-05-2019,West,Maharashtra,Pune,Volkswagen,Virtus,Petrol,4,19.4,112.5,253.2,12,2206.84,150000000,39000000,2019
VWG1410SD672,05-05-2019,North,Haryana,Pune,Volkswagen,Polo,Petrol,4,18.7,95,827.8,9.5,1453.84,105000000,25000000,2019
VWG1410SD673,09-05-2019,South,Kerala,Chakan,Volkswagen,Tiguan,Diesel,4,15.6,105,285.2,10.2,2716.88,125000000,30000000,2019
VWG1410SD674,13-05-2019,East,Bihar,Pune,Volkswagen,Vento,Petrol,4,17.2,90,231.6,8.8,1027.52,95000000,22000000,2019
VWG1410SD675,17-05-2019,West,Rajasthan,Chakan,Volkswagen,Taigun,Petrol,3,18.1,100,376,11.5,876.8,135000000,35000000,2019
VWG1410SD676,21-05-2019,North,Uttar Pradesh,Pune,Volkswagen,Virtus,Petrol,4,19.4,110,139.4,12,2601.08,145000000,38000000,2019
VWG1410SD677,25-05-2019,South,Andhra Pradesh,Pune,Volkswagen,Polo,Petrol,4,18.7,92.5,408.2,9.5,1618.4,102000000,24000000,2019
VWG1410SD678,29-05-2019,East,Jharkhand,Chakan,Volkswagen,Tiguan,Diesel,4,15.6,107.5,416.4,10.2,1214.44,128000000,31000000,2019
VWG1410SD679,02-06-2019,West,Gujarat,Pune,Volkswagen,Vento,Petrol,4,17.2,95,448,8.8,1308.48,98000000,23000000,2019
VWG1410SD680,06-06-2019,North,Madhya Pradesh,Pune,Volkswagen,Taigun,Petrol,3,18.1,102.5,191.2,11.5,3747.28,140000000,36000000,2019
VWG1410SD681,10-06-2019,South,Goa,Chakan,Volkswagen,Virtus,Petrol,4,19.4,112.5,723.2,12,1200.28,150000000,39000000,2019
VWG1410SD682,14-06-2019,East,Assam,Pune,Volkswagen,Polo,Petrol,4,18.7,95,198.2,9.5,2828.52,105000000,25000000,2019
VWG1410SD683,18-06-2019,West,Maharashtra,Pune,Volkswagen,Tiguan,Diesel,4,15.6,105,199.2,10.2,1386.44,125000000,30000000,2019
VWG1410SD684,22-06-2019,North,Rajasthan,Chakan,Volkswagen,Vento,Petrol,4,17.2,90,308.6,8.8,3963.04,95000000,22000000,2019
VWG1410SD685,26-06-2019,South,Karnataka,Pune,Volkswagen,Taigun,Petrol,3,18.1,100,128.8,11.5,1826.44,135000000,35000000,2019
VWG1410SD686,30-06-2019,East,Odisha,Pune,Volkswagen,Virtus,Petrol,4,19.4,110,286.6,12,894.72,145000000,38000000,2019
VWG1410SD687,04-07-2019,West,Gujarat,Chakan,Volkswagen,Polo,Petrol,4,18.7,92.5,204.4,9.5,3846.24,102000000,24000000,2019
VWG1410SD688,08-07-2019,North,Delhi,Pune,Volkswagen,Tiguan,Diesel,4,15.6,107.5,704.8,10.2,3316.12,128000000,31000000,2019
VWG1410SD689,12-07-2019,South,Tamil Nadu,Pune,Volkswagen,Vento,Petrol,4,17.2,95,746.4,8.8,1823.76,98000000,23000000,2019
VWG1410SD690,16-07-2019,East,West Bengal,Chakan,Volkswagen,Taigun,Petrol,3,18.1,102.5,176.6,11.5,996.24,140000000,36000000,2019
VWG1410SD691,20-07-2019,West,Maharashtra,Pune,Volkswagen,Virtus,Petrol,4,19.4,112.5,358.8,12,1477.48,150000000,39000000,2019
VWG1410SD692,24-07-2019,North,Haryana,Pune,Volkswagen,Polo,Petrol,4,18.7,95,298.4,9.5,1771,105000000,25000000,2019
VWG1410SD693,28-07-2019,South,Kerala,Chakan,Volkswagen,Tiguan,Diesel,4,15.6,105,325.6,10.2,2246.4,125000000,30000000,2019
VWG1410SD694,01-08-2019,East,Bihar,Pune,Volkswagen,Vento,Petrol,4,17.2,90,86.2,8.8,954.32,95000000,22000000,2019
VWG1410SD695,05-08-2019,West,Rajasthan,Chakan,Volkswagen,Taigun,Petrol,3,18.1,100,260,11.5,3860.84,135000000,35000000,2019
VWG1410SD696,09-08-2019,North,Uttar Pradesh,Pune,Volkswagen,Virtus,Petrol,4,19.4,110,128.8,12,2278.08,145000000,38000000,2019
VWG1410SD697,13-08-2019,South,Andhra Pradesh,Pune,Volkswagen,Polo,Petrol,4,18.7,92.5,110,9.5,1643.32,102000000,24000000,2019
VWG1410SD698,17-08-2019,East,Jharkhand,Chakan,Volkswagen,Tiguan,Diesel,4,15.6,107.5,320.2,10.2,1601.36,128000000,31000000,2019
VWG1410SD699,21-08-2019,West,Gujarat,Pune,Volkswagen,Vento,Petrol,4,17.2,95,80.4,8.8,3404.52,98000000,23000000,2019
VWG1410SD700,25-08-2019,North,Madhya Pradesh,Pune,Volkswagen,Taigun,Petrol,3,18.1,102.5,85.6,11.5,2530.96,140000000,36000000,2019
VWG1410SD701,29-08-2019,South,Goa,Chakan,Volkswagen,Virtus,Petrol,4,19.4,112.5,344,12,2918.32,150000000,39000000,2019
VWG1410SD702,02-09-2019,East,Assam,Pune,Volkswagen,Polo,Petrol,4,18.7,95,887,9.5,3695.76,105000000,25000000,2019
VWG1410SD703,06-09-2019,West,Maharashtra,Pune,Volkswagen,Tiguan,Diesel,4,15.6,105,228.4,10.2,2209.16,125000000,30000000,2019
VWG1410SD704,10-09-2019,North,Rajasthan,Chakan,Volkswagen,Vento,Petrol,4,17.2,90,202.6,8.8,3386.88,95000000,22000000,2019
VWG1410SD705,14-09-2019,South,Karnataka,Pune,Volkswagen,Taigun,Petrol,3,18.1,100,282.2,11.5,3378.8,135000000,35000000,2019
VWG1410SD706,18-09-2019,East,Odisha,Pune,Volkswagen,Virtus,Petrol,4,19.4,110,182,12,3539.8,145000000,38000000,2019
VWG1410SD707,22-09-2019,West,Gujarat,Chakan,Volkswagen,Polo,Petrol,4,18.7,92.5,190.6,9.5,3718.64,102000000,24000000,2019
VWG1410SD708,26-09-2019,North,Delhi,Pune,Volkswagen,Tiguan,Diesel,4,15.6,107.5,439,10.2,3726.4,128000000,31000000,2019
VWG1410SD709,30-09-2019,South,Tamil Nadu,Pune,Volkswagen,Vento,Petrol,4,17.2,95,412.6,8.8,2224.12,98000000,23000000,2019
VWG1410SD710,04-10-2019,East,West Bengal,Chakan,Volkswagen,Taigun,Petrol,3,18.1,102.5,117.8,11.5,842,140000000,36000000,2019
VWG1410SD711,08-10-2019,West,Maharashtra,Pune,Volkswagen,Virtus,Petrol,4,19.4,112.5,154.2,12,2593.44,150000000,39000000,2019
VWG1410SD712,12-10-2019,North,Haryana,Pune,Volkswagen,Polo,Petrol,4,18.7,95,213.4,9.5,2108.6,105000000,25000000,2019
VWG1410SD713,16-10-2019,South,Kerala,Chakan,Volkswagen,Tiguan,Diesel,4,15.6,105,242.8,10.2,2969.12,125000000,30000000,2019
VWG1410SD714,20-10-2019,East,Bihar,Pune,Volkswagen,Vento,Petrol,4,17.2,90,477.8,8.8,2749.24,95000000,22000000,2019
VWG1410SD715,24-10-2019,West,Rajasthan,Chakan,Volkswagen,Taigun,Petrol,3,18.1,100,504.2,11.5,860.24,135000000,35000000,2019
VWG1410SD716,28-10-2019,North,Uttar Pradesh,Pune,Volkswagen,Virtus,Petrol,4,19.4,110,655.4,12,2324.36,145000000,38000000,2019
VWG1410SD717,01-11-2019,South,Andhra Pradesh,Pune,Volkswagen,Polo,Petrol,4,18.7,92.5,545.4,9.5,1948.6,102000000,24000000,2019
VWG1410SD718,05-11-2019,East,Jharkhand,Chakan,Volkswagen,Tiguan,Diesel,4,15.6,107.5,146.4,10.2,3428.2,128000000,31000000,2019
VWG1410SD719,09-11-2019,West,Gujarat,Pune,Volkswagen,Vento,Petrol,4,17.2,95,368.8,8.8,2610.48,98000000,23000000,2019
VWG1410SD720,13-11-2019,North,Madhya Pradesh,Pune,Volkswagen,Taigun,Petrol,3,18.1,102.5,117,11.5,2078.44,140000000,36000000,2019
VWG1410SD721,17-11-2019,South,Goa,Chakan,Volkswagen,Virtus,Petrol,4,19.4,112.5,128.4,12,3825.56,150000000,39000000,2019
VWG1410SD722,21-11-2019,East,Assam,Pune,Volkswagen,Polo,Petrol,4,18.7,95,96.2,9.5,2258.72,105000000,25000000,2019
VWG1410SD723,25-11-2019,West,Maharashtra,Pune,Volkswagen,Tiguan,Diesel,4,15.6,105,651.2,10.2,3908.44,125000000,30000000,2019
VWG1410SD724,29-11-2019,North,Rajasthan,Chakan,Volkswagen,Vento,Petrol,4,17.2,90,132.4,8.8,1578.68,95000000,22000000,2019
VWG1410SD725,03-12-2019,South,Karnataka,Pune,Volkswagen,Taigun,Petrol,3,18.1,100,567.4,11.5,1945.8,135000000,35000000,2019
VWG1410SD726,07-12-2019,East,Odisha,Pune,Volkswagen,Virtus,Petrol,4,19.4,110,514.8,12,1897.76,145000000,38000000,2019
VWG1410SD727,11-12-2019,West,Gujarat,Chakan,Volkswagen,Polo,Petrol,4,18.7,92.5,225.4,9.5,1040.6,102000000,24000000,2019
VWG1410SD728,15-12-2019,North,Delhi,Pune,Volkswagen,Tiguan,Diesel,4,15.6,107.5,179.2,10.2,958.6,128000000,31000000,2019
VWG1410SD729,19-12-2019,South,Tamil Nadu,Pune,Volkswagen,Vento,Petrol,4,17.2,95,160,8.8,2704.84,98000000,23000000,2019
VWG1410SD730,23-12-2019,East,West Bengal,Chakan,Volkswagen,Taigun,Petrol,3,18.1,102.5,543.2,11.5,1778.64,140000000,36000000,2019
VWG1410SD731,27-12-2019,West,Maharashtra,Pune,Volkswagen,Virtus,Petrol,4,19.4,112.5,179.6,12,1325.52,150000000,39000000,2019
VWG1410SD732,31-12-2019,North,Haryana,Pune,Volkswagen,Polo,Petrol,4,18.7,95,497.2,9.5,2715.56,105000000,25000000,2019
VWG1410SD733,04-01-2020,South,Kerala,Chakan,Volkswagen,Tiguan,Diesel,4,15.6,105,657,10.2,3587.76,125000000,30000000,2020
VWG1410SD734,08-01-2020,East,Bihar,Pune,Volkswagen,Vento,Petrol,4,17.2,90,470.4,8.8,3373.24,95000000,22000000,2020
VWG1410SD735,12-01-2020,West,Rajasthan,Chakan,Volkswagen,Taigun,Petrol,3,18.1,100,399.6,11.5,2846.52,135000000,35000000,2020
VWG1410SD736,16-01-2020,North,Uttar Pradesh,Pune,Volkswagen,Virtus,Petrol,4,19.4,110,175.2,12,2094.2,145000000,38000000,2020
VWG1410SD737,20-01-2020,South,Andhra Pradesh,Pune,Volkswagen,Polo,Petrol,4,18.7,92.5,477.6,9.5,3839.68,102000000,24000000,2020
VWG1410SD738,24-01-2020,East,Jharkhand,Chakan,Volkswagen,Tiguan,Diesel,4,15.6,107.5,194.8,10.2,1242.28,128000000,31000000,2020
VWG1410SD739,28-01-2020,West,Gujarat,Pune,Volkswagen,Vento,Petrol,4,17.2,95,255.2,8.8,3064.92,98000000,23000000,2020
VWG1410SD740,01-02-2020,North,Madhya Pradesh,Pune,Volkswagen,Taigun,Petrol,3,18.1,102.5,110,11.5,2806.84,140000000,36000000,2020
VWG1410SD741,05-02-2020,South,Goa,Chakan,Volkswagen,Virtus,Petrol,4,19.4,112.5,373,12,3359.08,150000000,39000000,2020
VWG1410SD742,09-02-2020,East,Assam,Pune,Volkswagen,Polo,Petrol,4,18.7,95,168.6,9.5,1605.88,105000000,25000000,2020
VWG1410SD743,13-02-2020,West,Maharashtra,Pune,Volkswagen,Tiguan,Diesel,4,15.6,105,504.8,10.2,3743.8,125000000,30000000,2020
VWG1410SD744,17-02-2020,North,Rajasthan,Chakan,Volkswagen,Vento,Petrol,4,17.2,90,210.4,8.8,3744.28,95000000,22000000,2020
VWG1410SD745,21-02-2020,South,Karnataka,Pune,Volkswagen,Taigun,Petrol,3,18.1,100,293,11.5,907.12,135000000,35000000,2020
VWG1410SD746,25-02-2020,East,Odisha,Pune,Volkswagen,Virtus,Petrol,4,19.4,110,170.6,12,1002.96,145000000,38000000,2020
VWG1410SD747,29-02-2020,West,Gujarat,Chakan,Volkswagen,Polo,Petrol,4,18.7,92.5,136.6,9.5,3273.52,102000000,24000000,2020
VWG1410SD748,04-03-2020,North,Delhi,Pune,Volkswagen,Tiguan,Diesel,4,15.6,107.5,411.4,10.2,1181.88,128000000,31000000,2020
VWG1410SD749,08-03-2020,South,Tamil Nadu,Pune,Volkswagen,Vento,Petrol,4,17.2,95,133,8.8,2488.84,98000000,23000000,2020
VWG1410SD750,12-03-2020,East,West Bengal,Chakan,Volkswagen,Taigun,Petrol,3,18.1,102.5,950.6,11.5,3361.28,140000000,36000000,2020
VWG1410SD751,16-03-2020,West,Maharashtra,Pune,Volkswagen,Virtus,Petrol,4,19.4,112.5,120.2,12,1771.32,150000000,39000000,2020
VWG1410SD752,20-03-2020,North,Haryana,Pune,Volkswagen,Polo,Petrol,4,18.7,95,92.4,9.5,1818.08,105000000,25000000,2020
VWG1410SD753,24-03-2020,South,Kerala,Chakan,Volkswagen,Tiguan,Diesel,4,15.6,105,202.2,10.2,1976.64,125000000,30000000,2020
VWG1410SD754,28-03-2020,East,Bihar,Pune,Volkswagen,Vento,Petrol,4,17.2,90,182.2,8.8,1639.24,95000000,22000000,2020
VWG1410SD755,01-04-2020,West,Rajasthan,Chakan,Volkswagen,Taigun,Petrol,3,18.1,100,291.4,11.5,1784.88,135000000,35000000,2020
VWG1410SD756,05-04-2020,North,Uttar Pradesh,Pune,Volkswagen,Virtus,Petrol,4,19.4,110,199.4,12,1594.12,145000000,38000000,2020
VWG1410SD757,09-04-2020,South,Andhra Pradesh,Pune,Volkswagen,Polo,Petrol,4,18.7,92.5,81.8,9.5,1220.04,102000000,24000000,2020
VWG1410SD758,13-04-2020,East,Jharkhand,Chakan,Volkswagen,Tiguan,Diesel,4,15.6,107.5,92.6,10.2,3083.92,128000000,31000000,2020
VWG1410SD759,17-04-2020,West,Gujarat,Pune,Volkswagen,Vento,Petrol,4,17.2,95,225.2,8.8,1810.48,98000000,23000000,2020
VWG1410SD760,21-04-2020,North,Madhya Pradesh,Pune,Volkswagen,Taigun,Petrol,3,18.1,102.5,693.2,11.5,3426.24,140000000,36000000,2020
VWG1410SD761,25-04-2020,South,Goa,Chakan,Volkswagen,Virtus,Petrol,4,19.4,112.5,275.4,12,911.32,150000000,39000000,2020
VWG1410SD762,29-04-2020,East,Assam,Pune,Volkswagen,Polo,Petrol,4,18.7,95,267.8,9.5,2440.44,105000000,25000000,2020
VWG1410SD763,03-05-2020,West,Maharashtra,Pune,Volkswagen,Tiguan,Diesel,4,15.6,105,228.8,10.2,3383.64,125000000,30000000,2020
VWG1410SD764,07-05-2020,North,Rajasthan,Chakan,Volkswagen,Vento,Petrol,4,17.2,90,409.6,8.8,3693.64,95000000,22000000,2020
VWG1410SD765,11-05-2020,South,Karnataka,Pune,Volkswagen,Taigun,Petrol,3,18.1,100,686.6,11.5,3114.88,135000000,35000000,2020
VWG1410SD766,15-05-2020,East,Odisha,Pune,Volkswagen,Virtus,Petrol,4,19.4,110,98,12,3007.64,145000000,38000000,2020
VWG1410SD767,19-05-2020,West,Gujarat,Chakan,Volkswagen,Polo,Petrol,4,18.7,92.5,179.2,9.5,3802.92,102000000,24000000,2020
VWG1410SD768,23-05-2020,North,Delhi,Pune,Volkswagen,Tiguan,Diesel,4,15.6,107.5,161.2,10.2,1978.2,128000000,31000000,2020
VWG1410SD769,27-05-2020,South,Tamil Nadu,Pune,Volkswagen,Vento,Petrol,4,17.2,95,385.8,8.8,1754.72,98000000,23000000,2020
VWG1410SD770,31-05-2020,East,West Bengal,Chakan,Volkswagen,Taigun,Petrol,3,18.1,102.5,542.2,11.5,3668,140000000,36000000,2020
VWG1410SD771,04-06-2020,West,Maharashtra,Pune,Volkswagen,Virtus,Petrol,4,19.4,112.5,816.2,12,2088.8,150000000,39000000,2020
VWG1410SD772,08-06-2020,North,Haryana,Pune,Volkswagen,Polo,Petrol,4,18.7,95,178.4,9.5,902.04,105000000,25000000,2020
VWG1410SD773,12-06-2020,South,Kerala,Chakan,Volkswagen,Tiguan,Diesel,4,15.6,105,82.8,10.2,3379,125000000,30000000,2020
VWG1410SD774,16-06-2020,East,Bihar,Pune,Volkswagen,Vento,Petrol,4,17.2,90,388,8.8,1412.8,95000000,22000000,2020
,,,,,,,,,,,,,,,,
